run_kind	arm	method	dataset	key	seed	status	reason	n_poses	top_score	score_function	score_units	box_center_x	box_center_y	box_center_z	box_size	exhaustiveness	conformer_source	receptor	elapsed_s	peak_rss_mb	jobs	pose_archive	pose_archive_bytes	recorded
arm	A0_null	vina	astex	1G9V_RQ3	20260922	ok		1		vina	kcal/mol (empirical score, not a measured free energy)	16.966	16.623	41.744	25.0	8	genconf	/home/qasim/vgb_bench_data/prepared/receptors/astex/1G9V_RQ3/receptor.pdbqt	14.626		10	/home/qasim/vgb_bench_data/poses/A0_null/vina/astex/1G9V_RQ3.sdf.gz	1026	2026-09-22T17:30:50+08:00
arm	A0_null	vina	astex	1IA1_TQ3	20260922	ok		1		vina	kcal/mol (empirical score, not a measured free energy)	10.259	36.337	18.564	25.0	8	genconf	/home/qasim/vgb_bench_data/prepared/receptors/astex/1IA1_TQ3/receptor.pdbqt	0.024		10	/home/qasim/vgb_bench_data/poses/A0_null/vina/astex/1IA1_TQ3.sdf.gz	750	2026-09-22T17:31:04+08:00
arm	A0_null	vina	astex	1IG3_VIB	20260922	ok		1		vina	kcal/mol (empirical score, not a measured free energy)	23.83	41.109	19.486	25.0	8	genconf	/home/qasim/vgb_bench_data/prepared/receptors/astex/1IG3_VIB/receptor.pdbqt	0.041		10	/home/qasim/vgb_bench_data/poses/A0_null/vina/astex/1IG3_VIB.sdf.gz	815	2026-09-22T17:31:04+08:00
arm	A0_null	vina	astex	1J3J_CP6	20260922	ok		1		vina	kcal/mol (empirical score, not a measured free energy)	28.165	5.311	58.672	25.0	8	genconf	/home/qasim/vgb_bench_data/prepared/receptors/astex/1J3J_CP6/receptor.pdbqt	0.022		10	/home/qasim/vgb_bench_data/poses/A0_null/vina/astex/1J3J_CP6.sdf.gz	725	2026-09-22T17:31:04+08:00
arm	A0_null	vina	astex	1JD0_AZM	20260922	ok		1		vina	kcal/mol (empirical score, not a measured free energy)	-14.55	-6.507	20.915	25.0	8	genconf	/home/qasim/vgb_bench_data/prepared/receptors/astex/1JD0_AZM/receptor.pdbqt	0.024		10	/home/qasim/vgb_bench_data/poses/A0_null/vina/astex/1JD0_AZM.sdf.gz	527	2026-09-22T17:31:04+08:00
arm	A0_null	vina	astex	1JJE_BYS	20260922	ok		1		vina	kcal/mol (empirical score, not a measured free energy)	57.657	24.777	34.576	25.0	8	genconf	/home/qasim/vgb_bench_data/prepared/receptors/astex/1JJE_BYS/receptor.pdbqt	0.021		10	/home/qasim/vgb_bench_data/poses/A0_null/vina/astex/1JJE_BYS.sdf.gz	965	2026-09-22T17:31:04+08:00
arm	A0_null	vina	astex	1JLA_TNK	20260922	ok		1		vina	kcal/mol (empirical score, not a measured free energy)	-3.08	-35.284	24.86	25.0	8	genconf	/home/qasim/vgb_bench_data/prepared/receptors/astex/1JLA_TNK/receptor.pdbqt	0.023		10	/home/qasim/vgb_bench_data/poses/A0_null/vina/astex/1JLA_TNK.sdf.gz	1074	2026-09-22T17:31:04+08:00
arm	A0_null	vina	astex	1K3U_IAD	20260922	ok		1		vina	kcal/mol (empirical score, not a measured free energy)	48.894	27.243	13.062	25.0	8	genconf	/home/qasim/vgb_bench_data/prepared/receptors/astex/1K3U_IAD/receptor.pdbqt	0.014		10	/home/qasim/vgb_bench_data/poses/A0_null/vina/astex/1K3U_IAD.sdf.gz	823	2026-09-22T17:31:04+08:00
arm	A0_null	vina	astex	1KE5_LS1	20260922	ok		1		vina	kcal/mol (empirical score, not a measured free energy)	-9.51	48.704	38.092	25.0	8	genconf	/home/qasim/vgb_bench_data/prepared/receptors/astex/1KE5_LS1/receptor.pdbqt	0.011		10	/home/qasim/vgb_bench_data/poses/A0_null/vina/astex/1KE5_LS1.sdf.gz	874	2026-09-22T17:31:04+08:00
arm	A0_null	vina	astex	1KZK_JE2	20260922	ok		1		vina	kcal/mol (empirical score, not a measured free energy)	19.859	-1.74	16.894	25.0	8	genconf	/home/qasim/vgb_bench_data/prepared/receptors/astex/1KZK_JE2/receptor.pdbqt	0.037		10	/home/qasim/vgb_bench_data/poses/A0_null/vina/astex/1KZK_JE2.sdf.gz	1550	2026-09-22T17:31:04+08:00
arm	A0_null	vina	astex	1L2S_STC	20260922	ok		1		vina	kcal/mol (empirical score, not a measured free energy)	79.802	5.352	29.948	25.0	8	genconf	/home/qasim/vgb_bench_data/prepared/receptors/astex/1L2S_STC/receptor.pdbqt	0.017		10	/home/qasim/vgb_bench_data/poses/A0_null/vina/astex/1L2S_STC.sdf.gz	680	2026-09-22T17:31:05+08:00
arm	A0_null	vina	astex	1L7F_BCZ	20260922	ok		1		vina	kcal/mol (empirical score, not a measured free energy)	25.917	17.175	62.803	25.0	8	genconf	/home/qasim/vgb_bench_data/prepared/receptors/astex/1L7F_BCZ/receptor.pdbqt	0.023		10	/home/qasim/vgb_bench_data/poses/A0_null/vina/astex/1L7F_BCZ.sdf.gz	1075	2026-09-22T17:31:05+08:00
arm	A0_null	vina	astex	1LPZ_CMB	20260922	ok		1		vina	kcal/mol (empirical score, not a measured free energy)	7.335	6.815	22.976	25.0	8	genconf	/home/qasim/vgb_bench_data/prepared/receptors/astex/1LPZ_CMB/receptor.pdbqt	0.013		10	/home/qasim/vgb_bench_data/poses/A0_null/vina/astex/1LPZ_CMB.sdf.gz	1148	2026-09-22T17:31:05+08:00
arm	A0_null	vina	astex	1LRH_NLA	20260922	ok		1		vina	kcal/mol (empirical score, not a measured free energy)	36.701	58.407	77.461	25.0	8	genconf	/home/qasim/vgb_bench_data/prepared/receptors/astex/1LRH_NLA/receptor.pdbqt	0.03		10	/home/qasim/vgb_bench_data/poses/A0_null/vina/astex/1LRH_NLA.sdf.gz	609	2026-09-22T17:31:05+08:00
arm	A0_null	vina	astex	1M2Z_DEX	20260922	ok		1		vina	kcal/mol (empirical score, not a measured free energy)	30.453	7.022	13.256	25.0	8	genconf	/home/qasim/vgb_bench_data/prepared/receptors/astex/1M2Z_DEX/receptor.pdbqt	0.027		10	/home/qasim/vgb_bench_data/poses/A0_null/vina/astex/1M2Z_DEX.sdf.gz	1185	2026-09-22T17:31:05+08:00
arm	A0_null	vina	astex	1MEH_MOA	20260922	ok		1		vina	kcal/mol (empirical score, not a measured free energy)	56.294	55.996	18.24	25.0	8	genconf	/home/qasim/vgb_bench_data/prepared/receptors/astex/1MEH_MOA/receptor.pdbqt	0.017		10	/home/qasim/vgb_bench_data/poses/A0_null/vina/astex/1MEH_MOA.sdf.gz	927	2026-09-22T17:31:05+08:00
arm	A0_null	vina	astex	1MMV_3AR	20260922	ok		1		vina	kcal/mol (empirical score, not a measured free energy)	13.994	-0.076	58.899	25.0	8	genconf	/home/qasim/vgb_bench_data/prepared/receptors/astex/1MMV_3AR/receptor.pdbqt	0.009		10	/home/qasim/vgb_bench_data/poses/A0_null/vina/astex/1MMV_3AR.sdf.gz	825	2026-09-22T17:31:05+08:00
arm	A0_null	vina	astex	1MZC_BNE	20260922	ok		1		vina	kcal/mol (empirical score, not a measured free energy)	17.14	133.836	-2.639	25.0	8	genconf	/home/qasim/vgb_bench_data/prepared/receptors/astex/1MZC_BNE/receptor.pdbqt	0.02		10	/home/qasim/vgb_bench_data/poses/A0_null/vina/astex/1MZC_BNE.sdf.gz	1383	2026-09-22T17:31:05+08:00
arm	A0_null	vina	astex	1N1M_A3M	20260922	ok		1		vina	kcal/mol (empirical score, not a measured free energy)	81.621	75.002	97.963	25.0	8	genconf	/home/qasim/vgb_bench_data/prepared/receptors/astex/1N1M_A3M/receptor.pdbqt	0.015		10	/home/qasim/vgb_bench_data/poses/A0_null/vina/astex/1N1M_A3M.sdf.gz	696	2026-09-22T17:31:05+08:00
arm	A0_null	vina	astex	1N2J_PAF	20260922	ok		1		vina	kcal/mol (empirical score, not a measured free energy)	32.685	33.843	47.379	25.0	8	genconf	/home/qasim/vgb_bench_data/prepared/receptors/astex/1N2J_PAF/receptor.pdbqt	0.011		10	/home/qasim/vgb_bench_data/poses/A0_null/vina/astex/1N2J_PAF.sdf.gz	556	2026-09-22T17:31:05+08:00
arm	A0_null	vina	astex	1N2V_BDI	20260922	ok		1		vina	kcal/mol (empirical score, not a measured free energy)	16.229	17.404	20.877	25.0	8	genconf	/home/qasim/vgb_bench_data/prepared/receptors/astex/1N2V_BDI/receptor.pdbqt	0.027		10	/home/qasim/vgb_bench_data/poses/A0_null/vina/astex/1N2V_BDI.sdf.gz	650	2026-09-22T17:31:05+08:00
arm	A0_null	vina	astex	1HP0_AD3	20260922	ok		1		vina	kcal/mol (empirical score, not a measured free energy)	16.686	25.497	12.944	25.0	8	genconf	/home/qasim/vgb_bench_data/prepared/receptors/astex/1HP0_AD3/receptor.pdbqt	15.096		10	/home/qasim/vgb_bench_data/poses/A0_null/vina/astex/1HP0_AD3.sdf.gz	787	2026-09-22T17:30:50+08:00
arm	A0_null	vina	astex	1N46_PFA	20260922	ok		1		vina	kcal/mol (empirical score, not a measured free energy)	20.784	6.68	2.904	25.0	8	genconf	/home/qasim/vgb_bench_data/prepared/receptors/astex/1N46_PFA/receptor.pdbqt	0.023		10	/home/qasim/vgb_bench_data/poses/A0_null/vina/astex/1N46_PFA.sdf.gz	998	2026-09-22T17:31:05+08:00
arm	A0_null	vina	astex	1NAV_IH5	20260922	ok		1		vina	kcal/mol (empirical score, not a measured free energy)	48.32	18.236	19.534	25.0	8	genconf	/home/qasim/vgb_bench_data/prepared/receptors/astex/1NAV_IH5/receptor.pdbqt	0.029		10	/home/qasim/vgb_bench_data/poses/A0_null/vina/astex/1NAV_IH5.sdf.gz	877	2026-09-22T17:31:05+08:00
arm	A0_null	vina	astex	1OF6_DTY	20260922	ok		1		vina	kcal/mol (empirical score, not a measured free energy)	31.64	-1.272	49.771	25.0	8	genconf	/home/qasim/vgb_bench_data/prepared/receptors/astex/1OF6_DTY/receptor.pdbqt	0.02		10	/home/qasim/vgb_bench_data/poses/A0_null/vina/astex/1OF6_DTY.sdf.gz	627	2026-09-22T17:31:05+08:00
arm	A0_null	vina	astex	1OF1_SCT	20260922	ok		1		vina	kcal/mol (empirical score, not a measured free energy)	20.102	21.919	9.463	25.0	8	genconf	/home/qasim/vgb_bench_data/prepared/receptors/astex/1OF1_SCT/receptor.pdbqt	0.034		10	/home/qasim/vgb_bench_data/poses/A0_null/vina/astex/1OF1_SCT.sdf.gz	800	2026-09-22T17:31:05+08:00
arm	A0_null	vina	astex	1OPK_P16	20260922	ok		1		vina	kcal/mol (empirical score, not a measured free energy)	46.447	18.007	17.919	25.0	8	genconf	/home/qasim/vgb_bench_data/prepared/receptors/astex/1OPK_P16/receptor.pdbqt	0.023		10	/home/qasim/vgb_bench_data/poses/A0_null/vina/astex/1OPK_P16.sdf.gz	989	2026-09-22T17:31:05+08:00
arm	A0_null	vina	astex	1OQ5_CEL	20260922	ok		1		vina	kcal/mol (empirical score, not a measured free energy)	17.014	6.827	13.637	25.0	8	genconf	/home/qasim/vgb_bench_data/prepared/receptors/astex/1OQ5_CEL/receptor.pdbqt	0.028		10	/home/qasim/vgb_bench_data/poses/A0_null/vina/astex/1OQ5_CEL.sdf.gz	885	2026-09-22T17:31:05+08:00
arm	A0_null	vina	astex	1OWE_675	20260922	ok		1		vina	kcal/mol (empirical score, not a measured free energy)	22.64	15.905	32.533	25.0	8	genconf	/home/qasim/vgb_bench_data/prepared/receptors/astex/1OWE_675/receptor.pdbqt	0.051		10	/home/qasim/vgb_bench_data/poses/A0_null/vina/astex/1OWE_675.sdf.gz	861	2026-09-22T17:31:05+08:00
arm	A0_null	vina	astex	1P2Y_NCT	20260922	ok		1		vina	kcal/mol (empirical score, not a measured free energy)	16.332	12.716	41.045	25.0	8	genconf	/home/qasim/vgb_bench_data/prepared/receptors/astex/1P2Y_NCT/receptor.pdbqt	0.024		10	/home/qasim/vgb_bench_data/poses/A0_null/vina/astex/1P2Y_NCT.sdf.gz	644	2026-09-22T17:31:05+08:00
arm	A0_null	vina	astex	1OYT_FSN	20260922	ok		1		vina	kcal/mol (empirical score, not a measured free energy)	16.793	-12.378	21.829	25.0	8	genconf	/home/qasim/vgb_bench_data/prepared/receptors/astex/1OYT_FSN/receptor.pdbqt	0.065		10	/home/qasim/vgb_bench_data/poses/A0_null/vina/astex/1OYT_FSN.sdf.gz	1163	2026-09-22T17:31:05+08:00
arm	A0_null	vina	astex	1P62_GEO	20260922	ok		1		vina	kcal/mol (empirical score, not a measured free energy)	68.707	34.922	19.397	25.0	8	genconf	/home/qasim/vgb_bench_data/prepared/receptors/astex/1P62_GEO/receptor.pdbqt	0.019		10	/home/qasim/vgb_bench_data/poses/A0_null/vina/astex/1P62_GEO.sdf.gz	722	2026-09-22T17:31:05+08:00
arm	A0_null	vina	astex	1Q1G_MTI	20260922	ok		1		vina	kcal/mol (empirical score, not a measured free energy)	32.029	23.965	65.06	25.0	8	genconf	/home/qasim/vgb_bench_data/prepared/receptors/astex/1Q1G_MTI/receptor.pdbqt	0.026		10	/home/qasim/vgb_bench_data/poses/A0_null/vina/astex/1Q1G_MTI.sdf.gz	877	2026-09-22T17:31:05+08:00
arm	A0_null	vina	astex	1PMN_984	20260922	ok		1		vina	kcal/mol (empirical score, not a measured free energy)	22.145	10.709	31.938	25.0	8	genconf	/home/qasim/vgb_bench_data/prepared/receptors/astex/1PMN_984/receptor.pdbqt	0.048		10	/home/qasim/vgb_bench_data/poses/A0_null/vina/astex/1PMN_984.sdf.gz	1283	2026-09-22T17:31:05+08:00
arm	A0_null	vina	astex	1Q41_IXM	20260922	ok		1		vina	kcal/mol (empirical score, not a measured free energy)	39.632	6.297	36.269	25.0	8	genconf	/home/qasim/vgb_bench_data/prepared/receptors/astex/1Q41_IXM/receptor.pdbqt	0.024		10	/home/qasim/vgb_bench_data/poses/A0_null/vina/astex/1Q41_IXM.sdf.gz	769	2026-09-22T17:31:05+08:00
arm	A0_null	vina	astex	1R1H_BIR	20260922	ok		1		vina	kcal/mol (empirical score, not a measured free energy)	31.251	44.543	34.611	25.0	8	genconf	/home/qasim/vgb_bench_data/prepared/receptors/astex/1R1H_BIR/receptor.pdbqt	0.025		10	/home/qasim/vgb_bench_data/poses/A0_null/vina/astex/1R1H_BIR.sdf.gz	1172	2026-09-22T17:31:05+08:00
arm	A0_null	vina	astex	1Q4G_BFL	20260922	ok		1		vina	kcal/mol (empirical score, not a measured free energy)	67.692	22.366	190.905	25.0	8	genconf	/home/qasim/vgb_bench_data/prepared/receptors/astex/1Q4G_BFL/receptor.pdbqt	0.036		10	/home/qasim/vgb_bench_data/poses/A0_null/vina/astex/1Q4G_BFL.sdf.gz	751	2026-09-22T17:31:05+08:00
arm	A0_null	vina	astex	1R58_AO5	20260922	ok		1		vina	kcal/mol (empirical score, not a measured free energy)	17.636	30.943	17.197	25.0	8	genconf	/home/qasim/vgb_bench_data/prepared/receptors/astex/1R58_AO5/receptor.pdbqt	0.01		10	/home/qasim/vgb_bench_data/poses/A0_null/vina/astex/1R58_AO5.sdf.gz	974	2026-09-22T17:31:05+08:00
arm	A0_null	vina	astex	1R55_097	20260922	ok		1		vina	kcal/mol (empirical score, not a measured free energy)	9.381	13.944	25.293	25.0	8	genconf	/home/qasim/vgb_bench_data/prepared/receptors/astex/1R55_097/receptor.pdbqt	0.036		10	/home/qasim/vgb_bench_data/poses/A0_null/vina/astex/1R55_097.sdf.gz	1066	2026-09-22T17:31:05+08:00
arm	A0_null	vina	astex	1R9O_FLP	20260922	ok		1		vina	kcal/mol (empirical score, not a measured free energy)	8.636	33.142	-1.903	25.0	8	genconf	/home/qasim/vgb_bench_data/prepared/receptors/astex/1R9O_FLP/receptor.pdbqt	0.032		10	/home/qasim/vgb_bench_data/poses/A0_null/vina/astex/1R9O_FLP.sdf.gz	750	2026-09-22T17:31:05+08:00
arm	A0_null	vina	astex	1S19_MC9	20260922	ok		1		vina	kcal/mol (empirical score, not a measured free energy)	11.597	23.037	34.284	25.0	8	genconf	/home/qasim/vgb_bench_data/prepared/receptors/astex/1S19_MC9/receptor.pdbqt	0.02		10	/home/qasim/vgb_bench_data/poses/A0_null/vina/astex/1S19_MC9.sdf.gz	1388	2026-09-22T17:31:05+08:00
arm	A0_null	vina	astex	1SG0_STL	20260922	ok		1		vina	kcal/mol (empirical score, not a measured free energy)	36.129	16.596	30.998	25.0	8	genconf	/home/qasim/vgb_bench_data/prepared/receptors/astex/1SG0_STL/receptor.pdbqt	0.021		10	/home/qasim/vgb_bench_data/poses/A0_null/vina/astex/1SG0_STL.sdf.gz	711	2026-09-22T17:31:05+08:00
arm	A0_null	vina	astex	1S3V_TQD	20260922	ok		1		vina	kcal/mol (empirical score, not a measured free energy)	-2.707	27.832	3.43	25.0	8	genconf	/home/qasim/vgb_bench_data/prepared/receptors/astex/1S3V_TQD/receptor.pdbqt	0.025		10	/home/qasim/vgb_bench_data/poses/A0_null/vina/astex/1S3V_TQD.sdf.gz	1161	2026-09-22T17:31:05+08:00
arm	A0_null	vina	astex	1HNN_SKF	20260922	ok		1		vina	kcal/mol (empirical score, not a measured free energy)	28.265	44.149	16.529	25.0	8	genconf	/home/qasim/vgb_bench_data/prepared/receptors/astex/1HNN_SKF/receptor.pdbqt	15.471		10	/home/qasim/vgb_bench_data/poses/A0_null/vina/astex/1HNN_SKF.sdf.gz	647	2026-09-22T17:30:50+08:00
arm	A0_null	vina	astex	1SQ5_PAU	20260922	ok		1		vina	kcal/mol (empirical score, not a measured free energy)	52.214	5.557	7.472	25.0	8	genconf	/home/qasim/vgb_bench_data/prepared/receptors/astex/1SQ5_PAU/receptor.pdbqt	0.009		10	/home/qasim/vgb_bench_data/poses/A0_null/vina/astex/1SQ5_PAU.sdf.gz	718	2026-09-22T17:31:05+08:00
arm	A0_null	vina	astex	1T40_ID5	20260922	ok		1		vina	kcal/mol (empirical score, not a measured free energy)	16.632	-6.701	14.475	25.0	8	genconf	/home/qasim/vgb_bench_data/prepared/receptors/astex/1T40_ID5/receptor.pdbqt	0.01		10	/home/qasim/vgb_bench_data/poses/A0_null/vina/astex/1T40_ID5.sdf.gz	867	2026-09-22T17:31:05+08:00
arm	A0_null	vina	astex	1SJ0_E4D	20260922	ok		1		vina	kcal/mol (empirical score, not a measured free energy)	31.406	-1.491	25.297	25.0	8	genconf	/home/qasim/vgb_bench_data/prepared/receptors/astex/1SJ0_E4D/receptor.pdbqt	0.029		10	/home/qasim/vgb_bench_data/poses/A0_null/vina/astex/1SJ0_E4D.sdf.gz	1297	2026-09-22T17:31:05+08:00
arm	A0_null	vina	astex	1T46_STI	20260922	ok		1		vina	kcal/mol (empirical score, not a measured free energy)	26.181	26.061	40.364	25.0	8	genconf	/home/qasim/vgb_bench_data/prepared/receptors/astex/1T46_STI/receptor.pdbqt	0.014		10	/home/qasim/vgb_bench_data/poses/A0_null/vina/astex/1T46_STI.sdf.gz	1390	2026-09-22T17:31:05+08:00
arm	A0_null	vina	astex	1T9B_1CS	20260922	ok		1		vina	kcal/mol (empirical score, not a measured free energy)	-9.165	50.956	123.228	25.0	8	genconf	/home/qasim/vgb_bench_data/prepared/receptors/astex/1T9B_1CS/receptor.pdbqt	0.017		10	/home/qasim/vgb_bench_data/poses/A0_null/vina/astex/1T9B_1CS.sdf.gz	830	2026-09-22T17:31:05+08:00
arm	A0_null	vina	astex	1SQN_NDR	20260922	ok		1		vina	kcal/mol (empirical score, not a measured free energy)	11.735	25.108	8.187	25.0	8	genconf	/home/qasim/vgb_bench_data/prepared/receptors/astex/1SQN_NDR/receptor.pdbqt	0.044		10	/home/qasim/vgb_bench_data/poses/A0_null/vina/astex/1SQN_NDR.sdf.gz	1035	2026-09-22T17:31:05+08:00
arm	A0_null	vina	astex	1TOW_CRZ	20260922	ok		1		vina	kcal/mol (empirical score, not a measured free energy)	21.012	4.954	1.532	25.0	8	genconf	/home/qasim/vgb_bench_data/prepared/receptors/astex/1TOW_CRZ/receptor.pdbqt	0.017		10	/home/qasim/vgb_bench_data/poses/A0_null/vina/astex/1TOW_CRZ.sdf.gz	786	2026-09-22T17:31:05+08:00
arm	A0_null	vina	astex	1TT1_KAI	20260922	ok		1		vina	kcal/mol (empirical score, not a measured free energy)	2.312	0.839	26.37	25.0	8	genconf	/home/qasim/vgb_bench_data/prepared/receptors/astex/1TT1_KAI/receptor.pdbqt	0.026		10	/home/qasim/vgb_bench_data/poses/A0_null/vina/astex/1TT1_KAI.sdf.gz	715	2026-09-22T17:31:05+08:00
arm	A0_null	vina	astex	1U1C_BAU	20260922	ok		1		vina	kcal/mol (empirical score, not a measured free energy)	12.934	136.763	45.913	25.0	8	genconf	/home/qasim/vgb_bench_data/prepared/receptors/astex/1U1C_BAU/receptor.pdbqt	0.017		10	/home/qasim/vgb_bench_data/poses/A0_null/vina/astex/1U1C_BAU.sdf.gz	821	2026-09-22T17:31:05+08:00
arm	A0_null	vina	astex	1UML_FR4	20260922	ok		1		vina	kcal/mol (empirical score, not a measured free energy)	49.622	53.586	19.018	25.0	8	genconf	/home/qasim/vgb_bench_data/prepared/receptors/astex/1UML_FR4/receptor.pdbqt	0.012		10	/home/qasim/vgb_bench_data/poses/A0_null/vina/astex/1UML_FR4.sdf.gz	1251	2026-09-22T17:31:05+08:00
arm	A0_null	vina	astex	1TZ8_DES	20260922	ok		1		vina	kcal/mol (empirical score, not a measured free energy)	16.61	61.718	34.948	25.0	8	genconf	/home/qasim/vgb_bench_data/prepared/receptors/astex/1TZ8_DES/receptor.pdbqt	0.052		10	/home/qasim/vgb_bench_data/poses/A0_null/vina/astex/1TZ8_DES.sdf.gz	899	2026-09-22T17:31:05+08:00
arm	A0_null	vina	astex	1U4D_DBQ	20260922	ok		1		vina	kcal/mol (empirical score, not a measured free energy)	56.302	17.15	41.122	25.0	8	genconf	/home/qasim/vgb_bench_data/prepared/receptors/astex/1U4D_DBQ/receptor.pdbqt	0.027		10	/home/qasim/vgb_bench_data/poses/A0_null/vina/astex/1U4D_DBQ.sdf.gz	688	2026-09-22T17:31:05+08:00
arm	A0_null	vina	astex	1V0P_PVB	20260922	ok		1		vina	kcal/mol (empirical score, not a measured free energy)	25.721	-1.521	34.9	25.0	8	genconf	/home/qasim/vgb_bench_data/prepared/receptors/astex/1V0P_PVB/receptor.pdbqt	0.019		10	/home/qasim/vgb_bench_data/poses/A0_null/vina/astex/1V0P_PVB.sdf.gz	1165	2026-09-22T17:31:05+08:00
arm	A0_null	vina	astex	1UNL_RRC	20260922	ok		1		vina	kcal/mol (empirical score, not a measured free energy)	59.626	28.97	26.836	25.0	8	genconf	/home/qasim/vgb_bench_data/prepared/receptors/astex/1UNL_RRC/receptor.pdbqt	0.031		10	/home/qasim/vgb_bench_data/poses/A0_null/vina/astex/1UNL_RRC.sdf.gz	1072	2026-09-22T17:31:05+08:00
arm	A0_null	vina	astex	1UOU_CMU	20260922	ok		1		vina	kcal/mol (empirical score, not a measured free energy)	-3.483	2.004	29.185	25.0	8	genconf	/home/qasim/vgb_bench_data/prepared/receptors/astex/1UOU_CMU/receptor.pdbqt	0.032		10	/home/qasim/vgb_bench_data/poses/A0_null/vina/astex/1UOU_CMU.sdf.gz	661	2026-09-22T17:31:05+08:00
arm	A0_null	vina	astex	1V48_HA1	20260922	ok		1		vina	kcal/mol (empirical score, not a measured free energy)	73.579	45.084	50.055	25.0	8	genconf	/home/qasim/vgb_bench_data/prepared/receptors/astex/1V48_HA1/receptor.pdbqt	0.009		10	/home/qasim/vgb_bench_data/poses/A0_null/vina/astex/1V48_HA1.sdf.gz	811	2026-09-22T17:31:05+08:00
arm	A0_null	vina	astex	1V4S_MRK	20260922	ok		1		vina	kcal/mol (empirical score, not a measured free energy)	40.21	15.085	61.973	25.0	8	genconf	/home/qasim/vgb_bench_data/prepared/receptors/astex/1V4S_MRK/receptor.pdbqt	0.016		10	/home/qasim/vgb_bench_data/poses/A0_null/vina/astex/1V4S_MRK.sdf.gz	828	2026-09-22T17:31:05+08:00
arm	A0_null	vina	astex	1W1P_GIO	20260922	ok		1		vina	kcal/mol (empirical score, not a measured free energy)	43.08	75.602	51.839	25.0	8	genconf	/home/qasim/vgb_bench_data/prepared/receptors/astex/1W1P_GIO/receptor.pdbqt	0.009		10	/home/qasim/vgb_bench_data/poses/A0_null/vina/astex/1W1P_GIO.sdf.gz	562	2026-09-22T17:31:05+08:00
arm	A0_null	vina	astex	1X8X_TYR	20260922	ok		1		vina	kcal/mol (empirical score, not a measured free energy)	8.685	29.029	16.283	25.0	8	genconf	/home/qasim/vgb_bench_data/prepared/receptors/astex/1X8X_TYR/receptor.pdbqt	0.008		10	/home/qasim/vgb_bench_data/poses/A0_null/vina/astex/1X8X_TYR.sdf.gz	623	2026-09-22T17:31:05+08:00
arm	A0_null	vina	astex	1W2G_THM	20260922	ok		1		vina	kcal/mol (empirical score, not a measured free energy)	34.554	32.163	59.904	25.0	8	genconf	/home/qasim/vgb_bench_data/prepared/receptors/astex/1W2G_THM/receptor.pdbqt	0.014		10	/home/qasim/vgb_bench_data/poses/A0_null/vina/astex/1W2G_THM.sdf.gz	745	2026-09-22T17:31:05+08:00
arm	A0_null	vina	astex	1VCJ_IBA	20260922	ok		1		vina	kcal/mol (empirical score, not a measured free energy)	31.77	-9.362	64.056	25.0	8	genconf	/home/qasim/vgb_bench_data/prepared/receptors/astex/1VCJ_IBA/receptor.pdbqt	0.039		10	/home/qasim/vgb_bench_data/poses/A0_null/vina/astex/1VCJ_IBA.sdf.gz	1101	2026-09-22T17:31:05+08:00
arm	A0_null	vina	astex	1XM6_5RM	20260922	ok		1		vina	kcal/mol (empirical score, not a measured free energy)	46.371	1.647	-9.878	25.0	8	genconf	/home/qasim/vgb_bench_data/prepared/receptors/astex/1XM6_5RM/receptor.pdbqt	0.02		10	/home/qasim/vgb_bench_data/poses/A0_null/vina/astex/1XM6_5RM.sdf.gz	846	2026-09-22T17:31:05+08:00
arm	A0_null	vina	astex	1XOQ_ROF	20260922	ok		1		vina	kcal/mol (empirical score, not a measured free energy)	22.368	21.117	97.385	25.0	8	genconf	/home/qasim/vgb_bench_data/prepared/receptors/astex/1XOQ_ROF/receptor.pdbqt	0.025		10	/home/qasim/vgb_bench_data/poses/A0_null/vina/astex/1XOQ_ROF.sdf.gz	904	2026-09-22T17:31:05+08:00
arm	A0_null	vina	astex	1Y6B_AAX	20260922	ok		1		vina	kcal/mol (empirical score, not a measured free energy)	0.389	30.704	17.317	25.0	8	genconf	/home/qasim/vgb_bench_data/prepared/receptors/astex/1Y6B_AAX/receptor.pdbqt	0.014		10	/home/qasim/vgb_bench_data/poses/A0_null/vina/astex/1Y6B_AAX.sdf.gz	1241	2026-09-22T17:31:05+08:00
arm	A0_null	vina	astex	1XOZ_CIA	20260922	ok		1		vina	kcal/mol (empirical score, not a measured free energy)	47.315	35.038	12.047	25.0	8	genconf	/home/qasim/vgb_bench_data/prepared/receptors/astex/1XOZ_CIA/receptor.pdbqt	0.023		10	/home/qasim/vgb_bench_data/poses/A0_null/vina/astex/1XOZ_CIA.sdf.gz	1055	2026-09-22T17:31:05+08:00
arm	A0_null	vina	astex	1YQY_915	20260922	ok		1		vina	kcal/mol (empirical score, not a measured free energy)	11.035	18.68	27.493	25.0	8	genconf	/home/qasim/vgb_bench_data/prepared/receptors/astex/1YQY_915/receptor.pdbqt	0.016		10	/home/qasim/vgb_bench_data/poses/A0_null/vina/astex/1YQY_915.sdf.gz	926	2026-09-22T17:31:05+08:00
arm	A0_null	vina	astex	1YV3_BIT	20260922	ok		1		vina	kcal/mol (empirical score, not a measured free energy)	22.322	38.353	37.231	25.0	8	genconf	/home/qasim/vgb_bench_data/prepared/receptors/astex/1YV3_BIT/receptor.pdbqt	0.017		10	/home/qasim/vgb_bench_data/poses/A0_null/vina/astex/1YV3_BIT.sdf.gz	865	2026-09-22T17:31:05+08:00
arm	A0_null	vina	astex	1YVF_PH7	20260922	ok		1		vina	kcal/mol (empirical score, not a measured free energy)	-10.913	56.213	49.762	25.0	8	genconf	/home/qasim/vgb_bench_data/prepared/receptors/astex/1YVF_PH7/receptor.pdbqt	0.01		10	/home/qasim/vgb_bench_data/poses/A0_null/vina/astex/1YVF_PH7.sdf.gz	984	2026-09-22T17:31:05+08:00
arm	A0_null	vina	astex	1YGC_905	20260922	ok		1		vina	kcal/mol (empirical score, not a measured free energy)	10.57	41.478	32.491	25.0	8	genconf	/home/qasim/vgb_bench_data/prepared/receptors/astex/1YGC_905/receptor.pdbqt	0.033		10	/home/qasim/vgb_bench_data/poses/A0_null/vina/astex/1YGC_905.sdf.gz	1349	2026-09-22T17:31:05+08:00
arm	A0_null	vina	astex	1Z95_198	20260922	ok		1		vina	kcal/mol (empirical score, not a measured free energy)	27.977	2.357	6.252	25.0	8	genconf	/home/qasim/vgb_bench_data/prepared/receptors/astex/1Z95_198/receptor.pdbqt	0.013		10	/home/qasim/vgb_bench_data/poses/A0_null/vina/astex/1Z95_198.sdf.gz	948	2026-09-22T17:31:05+08:00
arm	A0_null	vina	astex	1YWR_LI9	20260922	ok		1		vina	kcal/mol (empirical score, not a measured free energy)	2.724	-0.956	21.338	25.0	8	genconf	/home/qasim/vgb_bench_data/prepared/receptors/astex/1YWR_LI9/receptor.pdbqt	0.026		10	/home/qasim/vgb_bench_data/poses/A0_null/vina/astex/1YWR_LI9.sdf.gz	1312	2026-09-22T17:31:05+08:00
arm	A0_null	vina	astex	2BM2_PM2	20260922	ok		1		vina	kcal/mol (empirical score, not a measured free energy)	39.479	112.797	82.113	25.0	8	genconf	/home/qasim/vgb_bench_data/prepared/receptors/astex/2BM2_PM2/receptor.pdbqt	0.021		10	/home/qasim/vgb_bench_data/poses/A0_null/vina/astex/2BM2_PM2.sdf.gz	1233	2026-09-22T17:31:05+08:00
arm	A0_null	vina	astex	2BR1_PFP	20260922	ok		1		vina	kcal/mol (empirical score, not a measured free energy)	17.671	-2.981	10.242	25.0	8	genconf	/home/qasim/vgb_bench_data/prepared/receptors/astex/2BR1_PFP/receptor.pdbqt	0.013		10	/home/qasim/vgb_bench_data/poses/A0_null/vina/astex/2BR1_PFP.sdf.gz	1077	2026-09-22T17:31:05+08:00
arm	A0_null	vina	astex	2BSM_BSM	20260922	ok		1		vina	kcal/mol (empirical score, not a measured free energy)	32.07	8.752	25.23	25.0	8	genconf	/home/qasim/vgb_bench_data/prepared/receptors/astex/2BSM_BSM/receptor.pdbqt	0.018		10	/home/qasim/vgb_bench_data/poses/A0_null/vina/astex/2BSM_BSM.sdf.gz	991	2026-09-22T17:31:05+08:00
arm	A0_null	vina	astex	1HVY_D16	20260922	ok		1		vina	kcal/mol (empirical score, not a measured free energy)	69.179	45.229	25.375	25.0	8	genconf	/home/qasim/vgb_bench_data/prepared/receptors/astex/1HVY_D16/receptor.pdbqt	15.77		10	/home/qasim/vgb_bench_data/poses/A0_null/vina/astex/1HVY_D16.sdf.gz	1152	2026-09-22T17:30:50+08:00
arm	A0_null	vina	astex	1GKC_NFH	20260922	ok		1		vina	kcal/mol (empirical score, not a measured free energy)	65.839	30.707	117.746	25.0	8	genconf	/home/qasim/vgb_bench_data/prepared/receptors/astex/1GKC_NFH/receptor.pdbqt	15.936		10	/home/qasim/vgb_bench_data/poses/A0_null/vina/astex/1GKC_NFH.sdf.gz	1058	2026-09-22T17:30:50+08:00
arm	A0_null	vina	astex	1HWW_SWA	20260922	ok		1		vina	kcal/mol (empirical score, not a measured free energy)	31.377	66.383	7.718	25.0	8	genconf	/home/qasim/vgb_bench_data/prepared/receptors/astex/1HWW_SWA/receptor.pdbqt	17.674		10	/home/qasim/vgb_bench_data/poses/A0_null/vina/astex/1HWW_SWA.sdf.gz	664	2026-09-22T17:30:50+08:00
arm	A0_null	vina	astex	1HQ2_PH2	20260922	ok		1		vina	kcal/mol (empirical score, not a measured free energy)	-8.504	7.946	17.463	25.0	8	genconf	/home/qasim/vgb_bench_data/prepared/receptors/astex/1HQ2_PH2/receptor.pdbqt	17.957		10	/home/qasim/vgb_bench_data/poses/A0_null/vina/astex/1HQ2_PH2.sdf.gz	603	2026-09-22T17:30:50+08:00
arm	A0_null	vina	astex	1GPK_HUP	20260922	ok		1		vina	kcal/mol (empirical score, not a measured free energy)	2.842	67.452	63.054	25.0	8	genconf	/home/qasim/vgb_bench_data/prepared/receptors/astex/1GPK_HUP/receptor.pdbqt	17.985		10	/home/qasim/vgb_bench_data/poses/A0_null/vina/astex/1GPK_HUP.sdf.gz	813	2026-09-22T17:30:50+08:00
arm	A0_null	vina	astex	1HWI_115	20260922	ok		1		vina	kcal/mol (empirical score, not a measured free energy)	33.197	-6.634	-10.597	25.0	8	genconf	/home/qasim/vgb_bench_data/prepared/receptors/astex/1HWI_115/receptor.pdbqt	18.916		10	/home/qasim/vgb_bench_data/poses/A0_null/vina/astex/1HWI_115.sdf.gz	1148	2026-09-22T17:30:50+08:00
arm	A0_null	vina	astex	1GM8_SOX	20260922	ok		1		vina	kcal/mol (empirical score, not a measured free energy)	14.458	-2.042	3.683	25.0	8	genconf	/home/qasim/vgb_bench_data/prepared/receptors/astex/1GM8_SOX/receptor.pdbqt	20.187		10	/home/qasim/vgb_bench_data/poses/A0_null/vina/astex/1GM8_SOX.sdf.gz	975	2026-09-22T17:30:50+08:00
