pair_id	query_complex_id	query_pdb_id	query_ccd_id	query_resolution	receptor_pdb_id	receptor_resolution	receptor_ligand_ccd	receptor_ligand_heavy_atoms	receptor_ligand_chains	uniprot	identity_cutoff_percent	receptor_release_date
5SAK_ZRY__into__1GVT	5SAK_ZRY	5SAK	ZRY	1.10	1GVT	0.98	2ZS	43	A	P11838	95	2002-07-04
5SB2_1K2__into__6FEX	5SB2_1K2	5SB2	1K2	1.60	6FEX	1.29	D6Z	36	A	Q08345	95	2018-11-28
5SD5_HWI__into__4KLX	5SD5_HWI	5SD5	HWI	1.20	4KLX	1.23	ATR	31	A,B	P9WNX1	95	2013-12-25
5SIS_JSM__into__2OUR	5SIS_JSM	5SIS	JSM	1.85	2OUR	1.45	CMP	22	A	Q9Y233	95	2007-03-20
6M2B_EZO__into__4OQV	6M2B_EZO	6M2B	EZO	1.76	4OQV	1.23	FMN	31	A	Q02127	95	2014-06-04
6T88_MWQ__into__6T85	6T88_MWQ	6T88	MWQ	1.40	6T85	1.10	ADP	27	A	Q8CVD0	95	2021-03-03
6TW5_9M2__into__4C68	6TW5_9M2	6TW5	9M2	1.55	4C68	1.38	NHW	64	A,B,C	A5K1A2	95	2014-09-24
6TW7_NZB__into__4C7I	6TW7_NZB	6TW7	NZB	1.40	4C7I	1.30	MYA	63	A	Q4Q5S8	95	2014-09-24
6VTA_AKN__into__7JZS	6VTA_AKN	6VTA	AKN	1.42	7JZS	1.30	COA	48	A	Q52424	95	2021-06-02
6WTN_RXT__into__8BXH	6WTN_RXT	6WTN	RXT	1.83	8BXH	1.30	C87	31	A	O60674	95	2023-12-20
