dataset	complex_id	pdb_id	ccd_id	protein_pdb	ligand_sdf	ligands_sdf	start_conf_sdf
astex	1G9V_RQ3	1G9V	RQ3	/home/qasim/vgb_bench_data/benchmarks/astex_diverse_set/1G9V_RQ3/1G9V_RQ3_protein.pdb	/home/qasim/vgb_bench_data/benchmarks/astex_diverse_set/1G9V_RQ3/1G9V_RQ3_ligand.sdf	/home/qasim/vgb_bench_data/benchmarks/astex_diverse_set/1G9V_RQ3/1G9V_RQ3_ligands.sdf	/home/qasim/vgb_bench_data/benchmarks/astex_diverse_set/1G9V_RQ3/1G9V_RQ3_ligand_start_conf.sdf
astex	1GKC_NFH	1GKC	NFH	/home/qasim/vgb_bench_data/benchmarks/astex_diverse_set/1GKC_NFH/1GKC_NFH_protein.pdb	/home/qasim/vgb_bench_data/benchmarks/astex_diverse_set/1GKC_NFH/1GKC_NFH_ligand.sdf	/home/qasim/vgb_bench_data/benchmarks/astex_diverse_set/1GKC_NFH/1GKC_NFH_ligands.sdf	/home/qasim/vgb_bench_data/benchmarks/astex_diverse_set/1GKC_NFH/1GKC_NFH_ligand_start_conf.sdf
astex	1GM8_SOX	1GM8	SOX	/home/qasim/vgb_bench_data/benchmarks/astex_diverse_set/1GM8_SOX/1GM8_SOX_protein.pdb	/home/qasim/vgb_bench_data/benchmarks/astex_diverse_set/1GM8_SOX/1GM8_SOX_ligand.sdf	/home/qasim/vgb_bench_data/benchmarks/astex_diverse_set/1GM8_SOX/1GM8_SOX_ligands.sdf	/home/qasim/vgb_bench_data/benchmarks/astex_diverse_set/1GM8_SOX/1GM8_SOX_ligand_start_conf.sdf
astex	1GPK_HUP	1GPK	HUP	/home/qasim/vgb_bench_data/benchmarks/astex_diverse_set/1GPK_HUP/1GPK_HUP_protein.pdb	/home/qasim/vgb_bench_data/benchmarks/astex_diverse_set/1GPK_HUP/1GPK_HUP_ligand.sdf	/home/qasim/vgb_bench_data/benchmarks/astex_diverse_set/1GPK_HUP/1GPK_HUP_ligands.sdf	/home/qasim/vgb_bench_data/benchmarks/astex_diverse_set/1GPK_HUP/1GPK_HUP_ligand_start_conf.sdf
astex	1HNN_SKF	1HNN	SKF	/home/qasim/vgb_bench_data/benchmarks/astex_diverse_set/1HNN_SKF/1HNN_SKF_protein.pdb	/home/qasim/vgb_bench_data/benchmarks/astex_diverse_set/1HNN_SKF/1HNN_SKF_ligand.sdf	/home/qasim/vgb_bench_data/benchmarks/astex_diverse_set/1HNN_SKF/1HNN_SKF_ligands.sdf	/home/qasim/vgb_bench_data/benchmarks/astex_diverse_set/1HNN_SKF/1HNN_SKF_ligand_start_conf.sdf
astex	1HP0_AD3	1HP0	AD3	/home/qasim/vgb_bench_data/benchmarks/astex_diverse_set/1HP0_AD3/1HP0_AD3_protein.pdb	/home/qasim/vgb_bench_data/benchmarks/astex_diverse_set/1HP0_AD3/1HP0_AD3_ligand.sdf	/home/qasim/vgb_bench_data/benchmarks/astex_diverse_set/1HP0_AD3/1HP0_AD3_ligands.sdf	/home/qasim/vgb_bench_data/benchmarks/astex_diverse_set/1HP0_AD3/1HP0_AD3_ligand_start_conf.sdf
astex	1HQ2_PH2	1HQ2	PH2	/home/qasim/vgb_bench_data/benchmarks/astex_diverse_set/1HQ2_PH2/1HQ2_PH2_protein.pdb	/home/qasim/vgb_bench_data/benchmarks/astex_diverse_set/1HQ2_PH2/1HQ2_PH2_ligand.sdf	/home/qasim/vgb_bench_data/benchmarks/astex_diverse_set/1HQ2_PH2/1HQ2_PH2_ligands.sdf	/home/qasim/vgb_bench_data/benchmarks/astex_diverse_set/1HQ2_PH2/1HQ2_PH2_ligand_start_conf.sdf
astex	1HVY_D16	1HVY	D16	/home/qasim/vgb_bench_data/benchmarks/astex_diverse_set/1HVY_D16/1HVY_D16_protein.pdb	/home/qasim/vgb_bench_data/benchmarks/astex_diverse_set/1HVY_D16/1HVY_D16_ligand.sdf	/home/qasim/vgb_bench_data/benchmarks/astex_diverse_set/1HVY_D16/1HVY_D16_ligands.sdf	/home/qasim/vgb_bench_data/benchmarks/astex_diverse_set/1HVY_D16/1HVY_D16_ligand_start_conf.sdf
astex	1HWI_115	1HWI	115	/home/qasim/vgb_bench_data/benchmarks/astex_diverse_set/1HWI_115/1HWI_115_protein.pdb	/home/qasim/vgb_bench_data/benchmarks/astex_diverse_set/1HWI_115/1HWI_115_ligand.sdf	/home/qasim/vgb_bench_data/benchmarks/astex_diverse_set/1HWI_115/1HWI_115_ligands.sdf	/home/qasim/vgb_bench_data/benchmarks/astex_diverse_set/1HWI_115/1HWI_115_ligand_start_conf.sdf
astex	1HWW_SWA	1HWW	SWA	/home/qasim/vgb_bench_data/benchmarks/astex_diverse_set/1HWW_SWA/1HWW_SWA_protein.pdb	/home/qasim/vgb_bench_data/benchmarks/astex_diverse_set/1HWW_SWA/1HWW_SWA_ligand.sdf	/home/qasim/vgb_bench_data/benchmarks/astex_diverse_set/1HWW_SWA/1HWW_SWA_ligands.sdf	/home/qasim/vgb_bench_data/benchmarks/astex_diverse_set/1HWW_SWA/1HWW_SWA_ligand_start_conf.sdf
astex	1IA1_TQ3	1IA1	TQ3	/home/qasim/vgb_bench_data/benchmarks/astex_diverse_set/1IA1_TQ3/1IA1_TQ3_protein.pdb	/home/qasim/vgb_bench_data/benchmarks/astex_diverse_set/1IA1_TQ3/1IA1_TQ3_ligand.sdf	/home/qasim/vgb_bench_data/benchmarks/astex_diverse_set/1IA1_TQ3/1IA1_TQ3_ligands.sdf	/home/qasim/vgb_bench_data/benchmarks/astex_diverse_set/1IA1_TQ3/1IA1_TQ3_ligand_start_conf.sdf
astex	1IG3_VIB	1IG3	VIB	/home/qasim/vgb_bench_data/benchmarks/astex_diverse_set/1IG3_VIB/1IG3_VIB_protein.pdb	/home/qasim/vgb_bench_data/benchmarks/astex_diverse_set/1IG3_VIB/1IG3_VIB_ligand.sdf	/home/qasim/vgb_bench_data/benchmarks/astex_diverse_set/1IG3_VIB/1IG3_VIB_ligands.sdf	/home/qasim/vgb_bench_data/benchmarks/astex_diverse_set/1IG3_VIB/1IG3_VIB_ligand_start_conf.sdf
astex	1J3J_CP6	1J3J	CP6	/home/qasim/vgb_bench_data/benchmarks/astex_diverse_set/1J3J_CP6/1J3J_CP6_protein.pdb	/home/qasim/vgb_bench_data/benchmarks/astex_diverse_set/1J3J_CP6/1J3J_CP6_ligand.sdf	/home/qasim/vgb_bench_data/benchmarks/astex_diverse_set/1J3J_CP6/1J3J_CP6_ligands.sdf	/home/qasim/vgb_bench_data/benchmarks/astex_diverse_set/1J3J_CP6/1J3J_CP6_ligand_start_conf.sdf
astex	1JD0_AZM	1JD0	AZM	/home/qasim/vgb_bench_data/benchmarks/astex_diverse_set/1JD0_AZM/1JD0_AZM_protein.pdb	/home/qasim/vgb_bench_data/benchmarks/astex_diverse_set/1JD0_AZM/1JD0_AZM_ligand.sdf	/home/qasim/vgb_bench_data/benchmarks/astex_diverse_set/1JD0_AZM/1JD0_AZM_ligands.sdf	/home/qasim/vgb_bench_data/benchmarks/astex_diverse_set/1JD0_AZM/1JD0_AZM_ligand_start_conf.sdf
astex	1JJE_BYS	1JJE	BYS	/home/qasim/vgb_bench_data/benchmarks/astex_diverse_set/1JJE_BYS/1JJE_BYS_protein.pdb	/home/qasim/vgb_bench_data/benchmarks/astex_diverse_set/1JJE_BYS/1JJE_BYS_ligand.sdf	/home/qasim/vgb_bench_data/benchmarks/astex_diverse_set/1JJE_BYS/1JJE_BYS_ligands.sdf	/home/qasim/vgb_bench_data/benchmarks/astex_diverse_set/1JJE_BYS/1JJE_BYS_ligand_start_conf.sdf
astex	1JLA_TNK	1JLA	TNK	/home/qasim/vgb_bench_data/benchmarks/astex_diverse_set/1JLA_TNK/1JLA_TNK_protein.pdb	/home/qasim/vgb_bench_data/benchmarks/astex_diverse_set/1JLA_TNK/1JLA_TNK_ligand.sdf	/home/qasim/vgb_bench_data/benchmarks/astex_diverse_set/1JLA_TNK/1JLA_TNK_ligands.sdf	/home/qasim/vgb_bench_data/benchmarks/astex_diverse_set/1JLA_TNK/1JLA_TNK_ligand_start_conf.sdf
astex	1K3U_IAD	1K3U	IAD	/home/qasim/vgb_bench_data/benchmarks/astex_diverse_set/1K3U_IAD/1K3U_IAD_protein.pdb	/home/qasim/vgb_bench_data/benchmarks/astex_diverse_set/1K3U_IAD/1K3U_IAD_ligand.sdf	/home/qasim/vgb_bench_data/benchmarks/astex_diverse_set/1K3U_IAD/1K3U_IAD_ligands.sdf	/home/qasim/vgb_bench_data/benchmarks/astex_diverse_set/1K3U_IAD/1K3U_IAD_ligand_start_conf.sdf
astex	1KE5_LS1	1KE5	LS1	/home/qasim/vgb_bench_data/benchmarks/astex_diverse_set/1KE5_LS1/1KE5_LS1_protein.pdb	/home/qasim/vgb_bench_data/benchmarks/astex_diverse_set/1KE5_LS1/1KE5_LS1_ligand.sdf	/home/qasim/vgb_bench_data/benchmarks/astex_diverse_set/1KE5_LS1/1KE5_LS1_ligands.sdf	/home/qasim/vgb_bench_data/benchmarks/astex_diverse_set/1KE5_LS1/1KE5_LS1_ligand_start_conf.sdf
astex	1KZK_JE2	1KZK	JE2	/home/qasim/vgb_bench_data/benchmarks/astex_diverse_set/1KZK_JE2/1KZK_JE2_protein.pdb	/home/qasim/vgb_bench_data/benchmarks/astex_diverse_set/1KZK_JE2/1KZK_JE2_ligand.sdf	/home/qasim/vgb_bench_data/benchmarks/astex_diverse_set/1KZK_JE2/1KZK_JE2_ligands.sdf	/home/qasim/vgb_bench_data/benchmarks/astex_diverse_set/1KZK_JE2/1KZK_JE2_ligand_start_conf.sdf
astex	1L2S_STC	1L2S	STC	/home/qasim/vgb_bench_data/benchmarks/astex_diverse_set/1L2S_STC/1L2S_STC_protein.pdb	/home/qasim/vgb_bench_data/benchmarks/astex_diverse_set/1L2S_STC/1L2S_STC_ligand.sdf	/home/qasim/vgb_bench_data/benchmarks/astex_diverse_set/1L2S_STC/1L2S_STC_ligands.sdf	/home/qasim/vgb_bench_data/benchmarks/astex_diverse_set/1L2S_STC/1L2S_STC_ligand_start_conf.sdf
astex	1L7F_BCZ	1L7F	BCZ	/home/qasim/vgb_bench_data/benchmarks/astex_diverse_set/1L7F_BCZ/1L7F_BCZ_protein.pdb	/home/qasim/vgb_bench_data/benchmarks/astex_diverse_set/1L7F_BCZ/1L7F_BCZ_ligand.sdf	/home/qasim/vgb_bench_data/benchmarks/astex_diverse_set/1L7F_BCZ/1L7F_BCZ_ligands.sdf	/home/qasim/vgb_bench_data/benchmarks/astex_diverse_set/1L7F_BCZ/1L7F_BCZ_ligand_start_conf.sdf
astex	1LPZ_CMB	1LPZ	CMB	/home/qasim/vgb_bench_data/benchmarks/astex_diverse_set/1LPZ_CMB/1LPZ_CMB_protein.pdb	/home/qasim/vgb_bench_data/benchmarks/astex_diverse_set/1LPZ_CMB/1LPZ_CMB_ligand.sdf	/home/qasim/vgb_bench_data/benchmarks/astex_diverse_set/1LPZ_CMB/1LPZ_CMB_ligands.sdf	/home/qasim/vgb_bench_data/benchmarks/astex_diverse_set/1LPZ_CMB/1LPZ_CMB_ligand_start_conf.sdf
astex	1LRH_NLA	1LRH	NLA	/home/qasim/vgb_bench_data/benchmarks/astex_diverse_set/1LRH_NLA/1LRH_NLA_protein.pdb	/home/qasim/vgb_bench_data/benchmarks/astex_diverse_set/1LRH_NLA/1LRH_NLA_ligand.sdf	/home/qasim/vgb_bench_data/benchmarks/astex_diverse_set/1LRH_NLA/1LRH_NLA_ligands.sdf	/home/qasim/vgb_bench_data/benchmarks/astex_diverse_set/1LRH_NLA/1LRH_NLA_ligand_start_conf.sdf
astex	1M2Z_DEX	1M2Z	DEX	/home/qasim/vgb_bench_data/benchmarks/astex_diverse_set/1M2Z_DEX/1M2Z_DEX_protein.pdb	/home/qasim/vgb_bench_data/benchmarks/astex_diverse_set/1M2Z_DEX/1M2Z_DEX_ligand.sdf	/home/qasim/vgb_bench_data/benchmarks/astex_diverse_set/1M2Z_DEX/1M2Z_DEX_ligands.sdf	/home/qasim/vgb_bench_data/benchmarks/astex_diverse_set/1M2Z_DEX/1M2Z_DEX_ligand_start_conf.sdf
astex	1MEH_MOA	1MEH	MOA	/home/qasim/vgb_bench_data/benchmarks/astex_diverse_set/1MEH_MOA/1MEH_MOA_protein.pdb	/home/qasim/vgb_bench_data/benchmarks/astex_diverse_set/1MEH_MOA/1MEH_MOA_ligand.sdf	/home/qasim/vgb_bench_data/benchmarks/astex_diverse_set/1MEH_MOA/1MEH_MOA_ligands.sdf	/home/qasim/vgb_bench_data/benchmarks/astex_diverse_set/1MEH_MOA/1MEH_MOA_ligand_start_conf.sdf
astex	1MMV_3AR	1MMV	3AR	/home/qasim/vgb_bench_data/benchmarks/astex_diverse_set/1MMV_3AR/1MMV_3AR_protein.pdb	/home/qasim/vgb_bench_data/benchmarks/astex_diverse_set/1MMV_3AR/1MMV_3AR_ligand.sdf	/home/qasim/vgb_bench_data/benchmarks/astex_diverse_set/1MMV_3AR/1MMV_3AR_ligands.sdf	/home/qasim/vgb_bench_data/benchmarks/astex_diverse_set/1MMV_3AR/1MMV_3AR_ligand_start_conf.sdf
astex	1MZC_BNE	1MZC	BNE	/home/qasim/vgb_bench_data/benchmarks/astex_diverse_set/1MZC_BNE/1MZC_BNE_protein.pdb	/home/qasim/vgb_bench_data/benchmarks/astex_diverse_set/1MZC_BNE/1MZC_BNE_ligand.sdf	/home/qasim/vgb_bench_data/benchmarks/astex_diverse_set/1MZC_BNE/1MZC_BNE_ligands.sdf	/home/qasim/vgb_bench_data/benchmarks/astex_diverse_set/1MZC_BNE/1MZC_BNE_ligand_start_conf.sdf
astex	1N1M_A3M	1N1M	A3M	/home/qasim/vgb_bench_data/benchmarks/astex_diverse_set/1N1M_A3M/1N1M_A3M_protein.pdb	/home/qasim/vgb_bench_data/benchmarks/astex_diverse_set/1N1M_A3M/1N1M_A3M_ligand.sdf	/home/qasim/vgb_bench_data/benchmarks/astex_diverse_set/1N1M_A3M/1N1M_A3M_ligands.sdf	/home/qasim/vgb_bench_data/benchmarks/astex_diverse_set/1N1M_A3M/1N1M_A3M_ligand_start_conf.sdf
astex	1N2J_PAF	1N2J	PAF	/home/qasim/vgb_bench_data/benchmarks/astex_diverse_set/1N2J_PAF/1N2J_PAF_protein.pdb	/home/qasim/vgb_bench_data/benchmarks/astex_diverse_set/1N2J_PAF/1N2J_PAF_ligand.sdf	/home/qasim/vgb_bench_data/benchmarks/astex_diverse_set/1N2J_PAF/1N2J_PAF_ligands.sdf	/home/qasim/vgb_bench_data/benchmarks/astex_diverse_set/1N2J_PAF/1N2J_PAF_ligand_start_conf.sdf
astex	1N2V_BDI	1N2V	BDI	/home/qasim/vgb_bench_data/benchmarks/astex_diverse_set/1N2V_BDI/1N2V_BDI_protein.pdb	/home/qasim/vgb_bench_data/benchmarks/astex_diverse_set/1N2V_BDI/1N2V_BDI_ligand.sdf	/home/qasim/vgb_bench_data/benchmarks/astex_diverse_set/1N2V_BDI/1N2V_BDI_ligands.sdf	/home/qasim/vgb_bench_data/benchmarks/astex_diverse_set/1N2V_BDI/1N2V_BDI_ligand_start_conf.sdf
astex	1N46_PFA	1N46	PFA	/home/qasim/vgb_bench_data/benchmarks/astex_diverse_set/1N46_PFA/1N46_PFA_protein.pdb	/home/qasim/vgb_bench_data/benchmarks/astex_diverse_set/1N46_PFA/1N46_PFA_ligand.sdf	/home/qasim/vgb_bench_data/benchmarks/astex_diverse_set/1N46_PFA/1N46_PFA_ligands.sdf	/home/qasim/vgb_bench_data/benchmarks/astex_diverse_set/1N46_PFA/1N46_PFA_ligand_start_conf.sdf
astex	1NAV_IH5	1NAV	IH5	/home/qasim/vgb_bench_data/benchmarks/astex_diverse_set/1NAV_IH5/1NAV_IH5_protein.pdb	/home/qasim/vgb_bench_data/benchmarks/astex_diverse_set/1NAV_IH5/1NAV_IH5_ligand.sdf	/home/qasim/vgb_bench_data/benchmarks/astex_diverse_set/1NAV_IH5/1NAV_IH5_ligands.sdf	/home/qasim/vgb_bench_data/benchmarks/astex_diverse_set/1NAV_IH5/1NAV_IH5_ligand_start_conf.sdf
astex	1OF1_SCT	1OF1	SCT	/home/qasim/vgb_bench_data/benchmarks/astex_diverse_set/1OF1_SCT/1OF1_SCT_protein.pdb	/home/qasim/vgb_bench_data/benchmarks/astex_diverse_set/1OF1_SCT/1OF1_SCT_ligand.sdf	/home/qasim/vgb_bench_data/benchmarks/astex_diverse_set/1OF1_SCT/1OF1_SCT_ligands.sdf	/home/qasim/vgb_bench_data/benchmarks/astex_diverse_set/1OF1_SCT/1OF1_SCT_ligand_start_conf.sdf
astex	1OF6_DTY	1OF6	DTY	/home/qasim/vgb_bench_data/benchmarks/astex_diverse_set/1OF6_DTY/1OF6_DTY_protein.pdb	/home/qasim/vgb_bench_data/benchmarks/astex_diverse_set/1OF6_DTY/1OF6_DTY_ligand.sdf	/home/qasim/vgb_bench_data/benchmarks/astex_diverse_set/1OF6_DTY/1OF6_DTY_ligands.sdf	/home/qasim/vgb_bench_data/benchmarks/astex_diverse_set/1OF6_DTY/1OF6_DTY_ligand_start_conf.sdf
astex	1OPK_P16	1OPK	P16	/home/qasim/vgb_bench_data/benchmarks/astex_diverse_set/1OPK_P16/1OPK_P16_protein.pdb	/home/qasim/vgb_bench_data/benchmarks/astex_diverse_set/1OPK_P16/1OPK_P16_ligand.sdf	/home/qasim/vgb_bench_data/benchmarks/astex_diverse_set/1OPK_P16/1OPK_P16_ligands.sdf	/home/qasim/vgb_bench_data/benchmarks/astex_diverse_set/1OPK_P16/1OPK_P16_ligand_start_conf.sdf
astex	1OQ5_CEL	1OQ5	CEL	/home/qasim/vgb_bench_data/benchmarks/astex_diverse_set/1OQ5_CEL/1OQ5_CEL_protein.pdb	/home/qasim/vgb_bench_data/benchmarks/astex_diverse_set/1OQ5_CEL/1OQ5_CEL_ligand.sdf	/home/qasim/vgb_bench_data/benchmarks/astex_diverse_set/1OQ5_CEL/1OQ5_CEL_ligands.sdf	/home/qasim/vgb_bench_data/benchmarks/astex_diverse_set/1OQ5_CEL/1OQ5_CEL_ligand_start_conf.sdf
astex	1OWE_675	1OWE	675	/home/qasim/vgb_bench_data/benchmarks/astex_diverse_set/1OWE_675/1OWE_675_protein.pdb	/home/qasim/vgb_bench_data/benchmarks/astex_diverse_set/1OWE_675/1OWE_675_ligand.sdf	/home/qasim/vgb_bench_data/benchmarks/astex_diverse_set/1OWE_675/1OWE_675_ligands.sdf	/home/qasim/vgb_bench_data/benchmarks/astex_diverse_set/1OWE_675/1OWE_675_ligand_start_conf.sdf
astex	1OYT_FSN	1OYT	FSN	/home/qasim/vgb_bench_data/benchmarks/astex_diverse_set/1OYT_FSN/1OYT_FSN_protein.pdb	/home/qasim/vgb_bench_data/benchmarks/astex_diverse_set/1OYT_FSN/1OYT_FSN_ligand.sdf	/home/qasim/vgb_bench_data/benchmarks/astex_diverse_set/1OYT_FSN/1OYT_FSN_ligands.sdf	/home/qasim/vgb_bench_data/benchmarks/astex_diverse_set/1OYT_FSN/1OYT_FSN_ligand_start_conf.sdf
astex	1P2Y_NCT	1P2Y	NCT	/home/qasim/vgb_bench_data/benchmarks/astex_diverse_set/1P2Y_NCT/1P2Y_NCT_protein.pdb	/home/qasim/vgb_bench_data/benchmarks/astex_diverse_set/1P2Y_NCT/1P2Y_NCT_ligand.sdf	/home/qasim/vgb_bench_data/benchmarks/astex_diverse_set/1P2Y_NCT/1P2Y_NCT_ligands.sdf	/home/qasim/vgb_bench_data/benchmarks/astex_diverse_set/1P2Y_NCT/1P2Y_NCT_ligand_start_conf.sdf
astex	1P62_GEO	1P62	GEO	/home/qasim/vgb_bench_data/benchmarks/astex_diverse_set/1P62_GEO/1P62_GEO_protein.pdb	/home/qasim/vgb_bench_data/benchmarks/astex_diverse_set/1P62_GEO/1P62_GEO_ligand.sdf	/home/qasim/vgb_bench_data/benchmarks/astex_diverse_set/1P62_GEO/1P62_GEO_ligands.sdf	/home/qasim/vgb_bench_data/benchmarks/astex_diverse_set/1P62_GEO/1P62_GEO_ligand_start_conf.sdf
astex	1PMN_984	1PMN	984	/home/qasim/vgb_bench_data/benchmarks/astex_diverse_set/1PMN_984/1PMN_984_protein.pdb	/home/qasim/vgb_bench_data/benchmarks/astex_diverse_set/1PMN_984/1PMN_984_ligand.sdf	/home/qasim/vgb_bench_data/benchmarks/astex_diverse_set/1PMN_984/1PMN_984_ligands.sdf	/home/qasim/vgb_bench_data/benchmarks/astex_diverse_set/1PMN_984/1PMN_984_ligand_start_conf.sdf
astex	1Q1G_MTI	1Q1G	MTI	/home/qasim/vgb_bench_data/benchmarks/astex_diverse_set/1Q1G_MTI/1Q1G_MTI_protein.pdb	/home/qasim/vgb_bench_data/benchmarks/astex_diverse_set/1Q1G_MTI/1Q1G_MTI_ligand.sdf	/home/qasim/vgb_bench_data/benchmarks/astex_diverse_set/1Q1G_MTI/1Q1G_MTI_ligands.sdf	/home/qasim/vgb_bench_data/benchmarks/astex_diverse_set/1Q1G_MTI/1Q1G_MTI_ligand_start_conf.sdf
astex	1Q41_IXM	1Q41	IXM	/home/qasim/vgb_bench_data/benchmarks/astex_diverse_set/1Q41_IXM/1Q41_IXM_protein.pdb	/home/qasim/vgb_bench_data/benchmarks/astex_diverse_set/1Q41_IXM/1Q41_IXM_ligand.sdf	/home/qasim/vgb_bench_data/benchmarks/astex_diverse_set/1Q41_IXM/1Q41_IXM_ligands.sdf	/home/qasim/vgb_bench_data/benchmarks/astex_diverse_set/1Q41_IXM/1Q41_IXM_ligand_start_conf.sdf
astex	1Q4G_BFL	1Q4G	BFL	/home/qasim/vgb_bench_data/benchmarks/astex_diverse_set/1Q4G_BFL/1Q4G_BFL_protein.pdb	/home/qasim/vgb_bench_data/benchmarks/astex_diverse_set/1Q4G_BFL/1Q4G_BFL_ligand.sdf	/home/qasim/vgb_bench_data/benchmarks/astex_diverse_set/1Q4G_BFL/1Q4G_BFL_ligands.sdf	/home/qasim/vgb_bench_data/benchmarks/astex_diverse_set/1Q4G_BFL/1Q4G_BFL_ligand_start_conf.sdf
astex	1R1H_BIR	1R1H	BIR	/home/qasim/vgb_bench_data/benchmarks/astex_diverse_set/1R1H_BIR/1R1H_BIR_protein.pdb	/home/qasim/vgb_bench_data/benchmarks/astex_diverse_set/1R1H_BIR/1R1H_BIR_ligand.sdf	/home/qasim/vgb_bench_data/benchmarks/astex_diverse_set/1R1H_BIR/1R1H_BIR_ligands.sdf	/home/qasim/vgb_bench_data/benchmarks/astex_diverse_set/1R1H_BIR/1R1H_BIR_ligand_start_conf.sdf
astex	1R55_097	1R55	097	/home/qasim/vgb_bench_data/benchmarks/astex_diverse_set/1R55_097/1R55_097_protein.pdb	/home/qasim/vgb_bench_data/benchmarks/astex_diverse_set/1R55_097/1R55_097_ligand.sdf	/home/qasim/vgb_bench_data/benchmarks/astex_diverse_set/1R55_097/1R55_097_ligands.sdf	/home/qasim/vgb_bench_data/benchmarks/astex_diverse_set/1R55_097/1R55_097_ligand_start_conf.sdf
astex	1R58_AO5	1R58	AO5	/home/qasim/vgb_bench_data/benchmarks/astex_diverse_set/1R58_AO5/1R58_AO5_protein.pdb	/home/qasim/vgb_bench_data/benchmarks/astex_diverse_set/1R58_AO5/1R58_AO5_ligand.sdf	/home/qasim/vgb_bench_data/benchmarks/astex_diverse_set/1R58_AO5/1R58_AO5_ligands.sdf	/home/qasim/vgb_bench_data/benchmarks/astex_diverse_set/1R58_AO5/1R58_AO5_ligand_start_conf.sdf
astex	1R9O_FLP	1R9O	FLP	/home/qasim/vgb_bench_data/benchmarks/astex_diverse_set/1R9O_FLP/1R9O_FLP_protein.pdb	/home/qasim/vgb_bench_data/benchmarks/astex_diverse_set/1R9O_FLP/1R9O_FLP_ligand.sdf	/home/qasim/vgb_bench_data/benchmarks/astex_diverse_set/1R9O_FLP/1R9O_FLP_ligands.sdf	/home/qasim/vgb_bench_data/benchmarks/astex_diverse_set/1R9O_FLP/1R9O_FLP_ligand_start_conf.sdf
astex	1S19_MC9	1S19	MC9	/home/qasim/vgb_bench_data/benchmarks/astex_diverse_set/1S19_MC9/1S19_MC9_protein.pdb	/home/qasim/vgb_bench_data/benchmarks/astex_diverse_set/1S19_MC9/1S19_MC9_ligand.sdf	/home/qasim/vgb_bench_data/benchmarks/astex_diverse_set/1S19_MC9/1S19_MC9_ligands.sdf	/home/qasim/vgb_bench_data/benchmarks/astex_diverse_set/1S19_MC9/1S19_MC9_ligand_start_conf.sdf
astex	1S3V_TQD	1S3V	TQD	/home/qasim/vgb_bench_data/benchmarks/astex_diverse_set/1S3V_TQD/1S3V_TQD_protein.pdb	/home/qasim/vgb_bench_data/benchmarks/astex_diverse_set/1S3V_TQD/1S3V_TQD_ligand.sdf	/home/qasim/vgb_bench_data/benchmarks/astex_diverse_set/1S3V_TQD/1S3V_TQD_ligands.sdf	/home/qasim/vgb_bench_data/benchmarks/astex_diverse_set/1S3V_TQD/1S3V_TQD_ligand_start_conf.sdf
astex	1SG0_STL	1SG0	STL	/home/qasim/vgb_bench_data/benchmarks/astex_diverse_set/1SG0_STL/1SG0_STL_protein.pdb	/home/qasim/vgb_bench_data/benchmarks/astex_diverse_set/1SG0_STL/1SG0_STL_ligand.sdf	/home/qasim/vgb_bench_data/benchmarks/astex_diverse_set/1SG0_STL/1SG0_STL_ligands.sdf	/home/qasim/vgb_bench_data/benchmarks/astex_diverse_set/1SG0_STL/1SG0_STL_ligand_start_conf.sdf
astex	1SJ0_E4D	1SJ0	E4D	/home/qasim/vgb_bench_data/benchmarks/astex_diverse_set/1SJ0_E4D/1SJ0_E4D_protein.pdb	/home/qasim/vgb_bench_data/benchmarks/astex_diverse_set/1SJ0_E4D/1SJ0_E4D_ligand.sdf	/home/qasim/vgb_bench_data/benchmarks/astex_diverse_set/1SJ0_E4D/1SJ0_E4D_ligands.sdf	/home/qasim/vgb_bench_data/benchmarks/astex_diverse_set/1SJ0_E4D/1SJ0_E4D_ligand_start_conf.sdf
astex	1SQ5_PAU	1SQ5	PAU	/home/qasim/vgb_bench_data/benchmarks/astex_diverse_set/1SQ5_PAU/1SQ5_PAU_protein.pdb	/home/qasim/vgb_bench_data/benchmarks/astex_diverse_set/1SQ5_PAU/1SQ5_PAU_ligand.sdf	/home/qasim/vgb_bench_data/benchmarks/astex_diverse_set/1SQ5_PAU/1SQ5_PAU_ligands.sdf	/home/qasim/vgb_bench_data/benchmarks/astex_diverse_set/1SQ5_PAU/1SQ5_PAU_ligand_start_conf.sdf
astex	1SQN_NDR	1SQN	NDR	/home/qasim/vgb_bench_data/benchmarks/astex_diverse_set/1SQN_NDR/1SQN_NDR_protein.pdb	/home/qasim/vgb_bench_data/benchmarks/astex_diverse_set/1SQN_NDR/1SQN_NDR_ligand.sdf	/home/qasim/vgb_bench_data/benchmarks/astex_diverse_set/1SQN_NDR/1SQN_NDR_ligands.sdf	/home/qasim/vgb_bench_data/benchmarks/astex_diverse_set/1SQN_NDR/1SQN_NDR_ligand_start_conf.sdf
astex	1T40_ID5	1T40	ID5	/home/qasim/vgb_bench_data/benchmarks/astex_diverse_set/1T40_ID5/1T40_ID5_protein.pdb	/home/qasim/vgb_bench_data/benchmarks/astex_diverse_set/1T40_ID5/1T40_ID5_ligand.sdf	/home/qasim/vgb_bench_data/benchmarks/astex_diverse_set/1T40_ID5/1T40_ID5_ligands.sdf	/home/qasim/vgb_bench_data/benchmarks/astex_diverse_set/1T40_ID5/1T40_ID5_ligand_start_conf.sdf
astex	1T46_STI	1T46	STI	/home/qasim/vgb_bench_data/benchmarks/astex_diverse_set/1T46_STI/1T46_STI_protein.pdb	/home/qasim/vgb_bench_data/benchmarks/astex_diverse_set/1T46_STI/1T46_STI_ligand.sdf	/home/qasim/vgb_bench_data/benchmarks/astex_diverse_set/1T46_STI/1T46_STI_ligands.sdf	/home/qasim/vgb_bench_data/benchmarks/astex_diverse_set/1T46_STI/1T46_STI_ligand_start_conf.sdf
astex	1T9B_1CS	1T9B	1CS	/home/qasim/vgb_bench_data/benchmarks/astex_diverse_set/1T9B_1CS/1T9B_1CS_protein.pdb	/home/qasim/vgb_bench_data/benchmarks/astex_diverse_set/1T9B_1CS/1T9B_1CS_ligand.sdf	/home/qasim/vgb_bench_data/benchmarks/astex_diverse_set/1T9B_1CS/1T9B_1CS_ligands.sdf	/home/qasim/vgb_bench_data/benchmarks/astex_diverse_set/1T9B_1CS/1T9B_1CS_ligand_start_conf.sdf
astex	1TOW_CRZ	1TOW	CRZ	/home/qasim/vgb_bench_data/benchmarks/astex_diverse_set/1TOW_CRZ/1TOW_CRZ_protein.pdb	/home/qasim/vgb_bench_data/benchmarks/astex_diverse_set/1TOW_CRZ/1TOW_CRZ_ligand.sdf	/home/qasim/vgb_bench_data/benchmarks/astex_diverse_set/1TOW_CRZ/1TOW_CRZ_ligands.sdf	/home/qasim/vgb_bench_data/benchmarks/astex_diverse_set/1TOW_CRZ/1TOW_CRZ_ligand_start_conf.sdf
astex	1TT1_KAI	1TT1	KAI	/home/qasim/vgb_bench_data/benchmarks/astex_diverse_set/1TT1_KAI/1TT1_KAI_protein.pdb	/home/qasim/vgb_bench_data/benchmarks/astex_diverse_set/1TT1_KAI/1TT1_KAI_ligand.sdf	/home/qasim/vgb_bench_data/benchmarks/astex_diverse_set/1TT1_KAI/1TT1_KAI_ligands.sdf	/home/qasim/vgb_bench_data/benchmarks/astex_diverse_set/1TT1_KAI/1TT1_KAI_ligand_start_conf.sdf
astex	1TZ8_DES	1TZ8	DES	/home/qasim/vgb_bench_data/benchmarks/astex_diverse_set/1TZ8_DES/1TZ8_DES_protein.pdb	/home/qasim/vgb_bench_data/benchmarks/astex_diverse_set/1TZ8_DES/1TZ8_DES_ligand.sdf	/home/qasim/vgb_bench_data/benchmarks/astex_diverse_set/1TZ8_DES/1TZ8_DES_ligands.sdf	/home/qasim/vgb_bench_data/benchmarks/astex_diverse_set/1TZ8_DES/1TZ8_DES_ligand_start_conf.sdf
astex	1U1C_BAU	1U1C	BAU	/home/qasim/vgb_bench_data/benchmarks/astex_diverse_set/1U1C_BAU/1U1C_BAU_protein.pdb	/home/qasim/vgb_bench_data/benchmarks/astex_diverse_set/1U1C_BAU/1U1C_BAU_ligand.sdf	/home/qasim/vgb_bench_data/benchmarks/astex_diverse_set/1U1C_BAU/1U1C_BAU_ligands.sdf	/home/qasim/vgb_bench_data/benchmarks/astex_diverse_set/1U1C_BAU/1U1C_BAU_ligand_start_conf.sdf
astex	1U4D_DBQ	1U4D	DBQ	/home/qasim/vgb_bench_data/benchmarks/astex_diverse_set/1U4D_DBQ/1U4D_DBQ_protein.pdb	/home/qasim/vgb_bench_data/benchmarks/astex_diverse_set/1U4D_DBQ/1U4D_DBQ_ligand.sdf	/home/qasim/vgb_bench_data/benchmarks/astex_diverse_set/1U4D_DBQ/1U4D_DBQ_ligands.sdf	/home/qasim/vgb_bench_data/benchmarks/astex_diverse_set/1U4D_DBQ/1U4D_DBQ_ligand_start_conf.sdf
astex	1UML_FR4	1UML	FR4	/home/qasim/vgb_bench_data/benchmarks/astex_diverse_set/1UML_FR4/1UML_FR4_protein.pdb	/home/qasim/vgb_bench_data/benchmarks/astex_diverse_set/1UML_FR4/1UML_FR4_ligand.sdf	/home/qasim/vgb_bench_data/benchmarks/astex_diverse_set/1UML_FR4/1UML_FR4_ligands.sdf	/home/qasim/vgb_bench_data/benchmarks/astex_diverse_set/1UML_FR4/1UML_FR4_ligand_start_conf.sdf
astex	1UNL_RRC	1UNL	RRC	/home/qasim/vgb_bench_data/benchmarks/astex_diverse_set/1UNL_RRC/1UNL_RRC_protein.pdb	/home/qasim/vgb_bench_data/benchmarks/astex_diverse_set/1UNL_RRC/1UNL_RRC_ligand.sdf	/home/qasim/vgb_bench_data/benchmarks/astex_diverse_set/1UNL_RRC/1UNL_RRC_ligands.sdf	/home/qasim/vgb_bench_data/benchmarks/astex_diverse_set/1UNL_RRC/1UNL_RRC_ligand_start_conf.sdf
astex	1UOU_CMU	1UOU	CMU	/home/qasim/vgb_bench_data/benchmarks/astex_diverse_set/1UOU_CMU/1UOU_CMU_protein.pdb	/home/qasim/vgb_bench_data/benchmarks/astex_diverse_set/1UOU_CMU/1UOU_CMU_ligand.sdf	/home/qasim/vgb_bench_data/benchmarks/astex_diverse_set/1UOU_CMU/1UOU_CMU_ligands.sdf	/home/qasim/vgb_bench_data/benchmarks/astex_diverse_set/1UOU_CMU/1UOU_CMU_ligand_start_conf.sdf
astex	1V0P_PVB	1V0P	PVB	/home/qasim/vgb_bench_data/benchmarks/astex_diverse_set/1V0P_PVB/1V0P_PVB_protein.pdb	/home/qasim/vgb_bench_data/benchmarks/astex_diverse_set/1V0P_PVB/1V0P_PVB_ligand.sdf	/home/qasim/vgb_bench_data/benchmarks/astex_diverse_set/1V0P_PVB/1V0P_PVB_ligands.sdf	/home/qasim/vgb_bench_data/benchmarks/astex_diverse_set/1V0P_PVB/1V0P_PVB_ligand_start_conf.sdf
astex	1V48_HA1	1V48	HA1	/home/qasim/vgb_bench_data/benchmarks/astex_diverse_set/1V48_HA1/1V48_HA1_protein.pdb	/home/qasim/vgb_bench_data/benchmarks/astex_diverse_set/1V48_HA1/1V48_HA1_ligand.sdf	/home/qasim/vgb_bench_data/benchmarks/astex_diverse_set/1V48_HA1/1V48_HA1_ligands.sdf	/home/qasim/vgb_bench_data/benchmarks/astex_diverse_set/1V48_HA1/1V48_HA1_ligand_start_conf.sdf
astex	1V4S_MRK	1V4S	MRK	/home/qasim/vgb_bench_data/benchmarks/astex_diverse_set/1V4S_MRK/1V4S_MRK_protein.pdb	/home/qasim/vgb_bench_data/benchmarks/astex_diverse_set/1V4S_MRK/1V4S_MRK_ligand.sdf	/home/qasim/vgb_bench_data/benchmarks/astex_diverse_set/1V4S_MRK/1V4S_MRK_ligands.sdf	/home/qasim/vgb_bench_data/benchmarks/astex_diverse_set/1V4S_MRK/1V4S_MRK_ligand_start_conf.sdf
astex	1VCJ_IBA	1VCJ	IBA	/home/qasim/vgb_bench_data/benchmarks/astex_diverse_set/1VCJ_IBA/1VCJ_IBA_protein.pdb	/home/qasim/vgb_bench_data/benchmarks/astex_diverse_set/1VCJ_IBA/1VCJ_IBA_ligand.sdf	/home/qasim/vgb_bench_data/benchmarks/astex_diverse_set/1VCJ_IBA/1VCJ_IBA_ligands.sdf	/home/qasim/vgb_bench_data/benchmarks/astex_diverse_set/1VCJ_IBA/1VCJ_IBA_ligand_start_conf.sdf
astex	1W1P_GIO	1W1P	GIO	/home/qasim/vgb_bench_data/benchmarks/astex_diverse_set/1W1P_GIO/1W1P_GIO_protein.pdb	/home/qasim/vgb_bench_data/benchmarks/astex_diverse_set/1W1P_GIO/1W1P_GIO_ligand.sdf	/home/qasim/vgb_bench_data/benchmarks/astex_diverse_set/1W1P_GIO/1W1P_GIO_ligands.sdf	/home/qasim/vgb_bench_data/benchmarks/astex_diverse_set/1W1P_GIO/1W1P_GIO_ligand_start_conf.sdf
astex	1W2G_THM	1W2G	THM	/home/qasim/vgb_bench_data/benchmarks/astex_diverse_set/1W2G_THM/1W2G_THM_protein.pdb	/home/qasim/vgb_bench_data/benchmarks/astex_diverse_set/1W2G_THM/1W2G_THM_ligand.sdf	/home/qasim/vgb_bench_data/benchmarks/astex_diverse_set/1W2G_THM/1W2G_THM_ligands.sdf	/home/qasim/vgb_bench_data/benchmarks/astex_diverse_set/1W2G_THM/1W2G_THM_ligand_start_conf.sdf
astex	1X8X_TYR	1X8X	TYR	/home/qasim/vgb_bench_data/benchmarks/astex_diverse_set/1X8X_TYR/1X8X_TYR_protein.pdb	/home/qasim/vgb_bench_data/benchmarks/astex_diverse_set/1X8X_TYR/1X8X_TYR_ligand.sdf	/home/qasim/vgb_bench_data/benchmarks/astex_diverse_set/1X8X_TYR/1X8X_TYR_ligands.sdf	/home/qasim/vgb_bench_data/benchmarks/astex_diverse_set/1X8X_TYR/1X8X_TYR_ligand_start_conf.sdf
astex	1XM6_5RM	1XM6	5RM	/home/qasim/vgb_bench_data/benchmarks/astex_diverse_set/1XM6_5RM/1XM6_5RM_protein.pdb	/home/qasim/vgb_bench_data/benchmarks/astex_diverse_set/1XM6_5RM/1XM6_5RM_ligand.sdf	/home/qasim/vgb_bench_data/benchmarks/astex_diverse_set/1XM6_5RM/1XM6_5RM_ligands.sdf	/home/qasim/vgb_bench_data/benchmarks/astex_diverse_set/1XM6_5RM/1XM6_5RM_ligand_start_conf.sdf
astex	1XOQ_ROF	1XOQ	ROF	/home/qasim/vgb_bench_data/benchmarks/astex_diverse_set/1XOQ_ROF/1XOQ_ROF_protein.pdb	/home/qasim/vgb_bench_data/benchmarks/astex_diverse_set/1XOQ_ROF/1XOQ_ROF_ligand.sdf	/home/qasim/vgb_bench_data/benchmarks/astex_diverse_set/1XOQ_ROF/1XOQ_ROF_ligands.sdf	/home/qasim/vgb_bench_data/benchmarks/astex_diverse_set/1XOQ_ROF/1XOQ_ROF_ligand_start_conf.sdf
astex	1XOZ_CIA	1XOZ	CIA	/home/qasim/vgb_bench_data/benchmarks/astex_diverse_set/1XOZ_CIA/1XOZ_CIA_protein.pdb	/home/qasim/vgb_bench_data/benchmarks/astex_diverse_set/1XOZ_CIA/1XOZ_CIA_ligand.sdf	/home/qasim/vgb_bench_data/benchmarks/astex_diverse_set/1XOZ_CIA/1XOZ_CIA_ligands.sdf	/home/qasim/vgb_bench_data/benchmarks/astex_diverse_set/1XOZ_CIA/1XOZ_CIA_ligand_start_conf.sdf
astex	1Y6B_AAX	1Y6B	AAX	/home/qasim/vgb_bench_data/benchmarks/astex_diverse_set/1Y6B_AAX/1Y6B_AAX_protein.pdb	/home/qasim/vgb_bench_data/benchmarks/astex_diverse_set/1Y6B_AAX/1Y6B_AAX_ligand.sdf	/home/qasim/vgb_bench_data/benchmarks/astex_diverse_set/1Y6B_AAX/1Y6B_AAX_ligands.sdf	/home/qasim/vgb_bench_data/benchmarks/astex_diverse_set/1Y6B_AAX/1Y6B_AAX_ligand_start_conf.sdf
astex	1YGC_905	1YGC	905	/home/qasim/vgb_bench_data/benchmarks/astex_diverse_set/1YGC_905/1YGC_905_protein.pdb	/home/qasim/vgb_bench_data/benchmarks/astex_diverse_set/1YGC_905/1YGC_905_ligand.sdf	/home/qasim/vgb_bench_data/benchmarks/astex_diverse_set/1YGC_905/1YGC_905_ligands.sdf	/home/qasim/vgb_bench_data/benchmarks/astex_diverse_set/1YGC_905/1YGC_905_ligand_start_conf.sdf
astex	1YQY_915	1YQY	915	/home/qasim/vgb_bench_data/benchmarks/astex_diverse_set/1YQY_915/1YQY_915_protein.pdb	/home/qasim/vgb_bench_data/benchmarks/astex_diverse_set/1YQY_915/1YQY_915_ligand.sdf	/home/qasim/vgb_bench_data/benchmarks/astex_diverse_set/1YQY_915/1YQY_915_ligands.sdf	/home/qasim/vgb_bench_data/benchmarks/astex_diverse_set/1YQY_915/1YQY_915_ligand_start_conf.sdf
astex	1YV3_BIT	1YV3	BIT	/home/qasim/vgb_bench_data/benchmarks/astex_diverse_set/1YV3_BIT/1YV3_BIT_protein.pdb	/home/qasim/vgb_bench_data/benchmarks/astex_diverse_set/1YV3_BIT/1YV3_BIT_ligand.sdf	/home/qasim/vgb_bench_data/benchmarks/astex_diverse_set/1YV3_BIT/1YV3_BIT_ligands.sdf	/home/qasim/vgb_bench_data/benchmarks/astex_diverse_set/1YV3_BIT/1YV3_BIT_ligand_start_conf.sdf
astex	1YVF_PH7	1YVF	PH7	/home/qasim/vgb_bench_data/benchmarks/astex_diverse_set/1YVF_PH7/1YVF_PH7_protein.pdb	/home/qasim/vgb_bench_data/benchmarks/astex_diverse_set/1YVF_PH7/1YVF_PH7_ligand.sdf	/home/qasim/vgb_bench_data/benchmarks/astex_diverse_set/1YVF_PH7/1YVF_PH7_ligands.sdf	/home/qasim/vgb_bench_data/benchmarks/astex_diverse_set/1YVF_PH7/1YVF_PH7_ligand_start_conf.sdf
astex	1YWR_LI9	1YWR	LI9	/home/qasim/vgb_bench_data/benchmarks/astex_diverse_set/1YWR_LI9/1YWR_LI9_protein.pdb	/home/qasim/vgb_bench_data/benchmarks/astex_diverse_set/1YWR_LI9/1YWR_LI9_ligand.sdf	/home/qasim/vgb_bench_data/benchmarks/astex_diverse_set/1YWR_LI9/1YWR_LI9_ligands.sdf	/home/qasim/vgb_bench_data/benchmarks/astex_diverse_set/1YWR_LI9/1YWR_LI9_ligand_start_conf.sdf
astex	1Z95_198	1Z95	198	/home/qasim/vgb_bench_data/benchmarks/astex_diverse_set/1Z95_198/1Z95_198_protein.pdb	/home/qasim/vgb_bench_data/benchmarks/astex_diverse_set/1Z95_198/1Z95_198_ligand.sdf	/home/qasim/vgb_bench_data/benchmarks/astex_diverse_set/1Z95_198/1Z95_198_ligands.sdf	/home/qasim/vgb_bench_data/benchmarks/astex_diverse_set/1Z95_198/1Z95_198_ligand_start_conf.sdf
astex	2BM2_PM2	2BM2	PM2	/home/qasim/vgb_bench_data/benchmarks/astex_diverse_set/2BM2_PM2/2BM2_PM2_protein.pdb	/home/qasim/vgb_bench_data/benchmarks/astex_diverse_set/2BM2_PM2/2BM2_PM2_ligand.sdf	/home/qasim/vgb_bench_data/benchmarks/astex_diverse_set/2BM2_PM2/2BM2_PM2_ligands.sdf	/home/qasim/vgb_bench_data/benchmarks/astex_diverse_set/2BM2_PM2/2BM2_PM2_ligand_start_conf.sdf
astex	2BR1_PFP	2BR1	PFP	/home/qasim/vgb_bench_data/benchmarks/astex_diverse_set/2BR1_PFP/2BR1_PFP_protein.pdb	/home/qasim/vgb_bench_data/benchmarks/astex_diverse_set/2BR1_PFP/2BR1_PFP_ligand.sdf	/home/qasim/vgb_bench_data/benchmarks/astex_diverse_set/2BR1_PFP/2BR1_PFP_ligands.sdf	/home/qasim/vgb_bench_data/benchmarks/astex_diverse_set/2BR1_PFP/2BR1_PFP_ligand_start_conf.sdf
astex	2BSM_BSM	2BSM	BSM	/home/qasim/vgb_bench_data/benchmarks/astex_diverse_set/2BSM_BSM/2BSM_BSM_protein.pdb	/home/qasim/vgb_bench_data/benchmarks/astex_diverse_set/2BSM_BSM/2BSM_BSM_ligand.sdf	/home/qasim/vgb_bench_data/benchmarks/astex_diverse_set/2BSM_BSM/2BSM_BSM_ligands.sdf	/home/qasim/vgb_bench_data/benchmarks/astex_diverse_set/2BSM_BSM/2BSM_BSM_ligand_start_conf.sdf
