pair_id	query_pdb_id	receptor_pdb_id	status	reason	chains_matched	ca_pairs	ca_rmsd_after_superposition	sequence_identity_of_matched	partner_ligand_atoms	partner_ligand_center_x	partner_ligand_center_y	partner_ligand_center_z	recorded
5SD5_HWI__into__4KLX	5SD5	4KLX	ok		A:A	161	1.216	1.0	31	-10.196	-3.761	12.798	2026-09-22T15:00:50+08:00
5SAK_ZRY__into__1GVT	5SAK	1GVT	ok		A:A	328	0.623	1.0	43	3.829	269.04	17.007	2026-09-22T15:00:50+08:00
6M2B_EZO__into__4OQV	6M2B	4OQV	ok		A:A	353	0.944	1.0	31	-3.486	-40.492	5.658	2026-09-22T15:00:50+08:00
5SIS_JSM__into__2OUR	5SIS	2OUR	ok		A:A	312	1.474	0.9936	22	4.882	10.99	42.578	2026-09-22T15:00:50+08:00
5SB2_1K2__into__6FEX	5SB2	6FEX	ok		A:A	279	1.617	1.0	36	-14.867	-4.52	-13.043	2026-09-22T15:00:50+08:00
6TW5_9M2__into__4C68	6TW5	4C68	failed	C-alpha RMSD 21.127 A after superposition exceeds the 3.0 A limit	A:B;B:A;C:C	1136	21.127	0.9991	64	10.991	-43.147	-66.631	2026-09-22T15:00:51+08:00
6VTA_AKN__into__7JZS	6VTA	7JZS	ok		A:A	177	1.585	1.0	48	4.32	-31.869	1.632	2026-09-22T15:00:51+08:00
6XG5_TOP__into__9PWM	6XG5	9PWM	ok		A:A	159	0.519	0.9937	48	-4.971	-8.47	-15.373	2026-09-22T15:00:53+08:00
6XCT_478__into__6XCZ	6XCT	6XCZ	ok		A:A	323	0.284	1.0	49	12.434	13.958	-11.186	2026-09-22T15:00:51+08:00
6WTN_RXT__into__8BXH	6WTN	8BXH	ok		A:A	284	1.01	1.0	31	-12.393	15.145	20.294	2026-09-22T15:00:51+08:00
6TW7_NZB__into__4C7I	6TW7	4C7I	ok		A:A	411	0.318	1.0	63	8.8	36.198	54.553	2026-09-22T15:00:51+08:00
6T88_MWQ__into__6T85	6T88	6T85	ok		A:A	454	2.014	1.0	27	21.384	64.948	-8.459	2026-09-22T15:00:50+08:00
6YJA_2BA__into__6YJ9	6YJA	6YJ9	ok		A:A;B:B	276	0.579	1.0	45	4.169	-10.773	15.103	2026-09-22T15:00:56+08:00
6YQW_82I__into__6BQA	6YQW	6BQA	ok		A:A	101	0.193	1.0	25	-46.564	-28.055	2.861	2026-09-22T15:00:58+08:00
6YRV_PJ8__into__6YS1	6YRV	6YS1	failed	"mmCIF parse failed: PDBIOException(""Chain id ('AAA') exceeds PDB format limit."")"									2026-09-22T15:00:59+08:00
6YR2_T1C__into__2XPW	6YR2	2XPW	ok		A:A	207	1.539	1.0	33	19.78	34.905	35.38	2026-09-22T15:00:58+08:00
6YQV_8K2__into__3RM2	6YQV	3RM2	ok		H:H;L:L	278	0.185	1.0	39	15.855	-13.628	21.832	2026-09-22T15:00:57+08:00
6YMS_OZH__into__6Y4I	6YMS	6Y4I	ok		E:E	316	0.122	1.0	36	34.751	40.667	-7.08	2026-09-22T15:00:57+08:00
6YSP_PAL__into__6YPO	6YSP	6YPO	failed	C-alpha RMSD 22.238 A after superposition exceeds the 3.0 A limit	A:A;B:B	622	22.238	1.0	21	17.878	109.345	1.933	2026-09-22T15:01:00+08:00
6XM9_V55__into__6XM7	6XM9	6XM7	ok		A:A	479	0.146	1.0	25	25.561	11.564	35.777	2026-09-22T15:00:55+08:00
6YT6_PKE__into__6YOJ	6YT6	6YOJ	ok		A:A	256	1.247	1.0	34	-16.606	-2.074	20.312	2026-09-22T15:01:00+08:00
6Z1C_7EY__into__9TFX	6Z1C	9TFX	failed	"mmCIF parse failed: PDBIOException(""Chain id ('AAAA') exceeds PDB format limit."")"									2026-09-22T15:01:02+08:00
6Z4N_Q7B__into__1FCJ	6Z4N	1FCJ	failed	C-alpha RMSD 25.252 A after superposition exceeds the 3.0 A limit	A:B;B:C	608	25.252	0.9967	15	6.092	30.217	19.395	2026-09-22T15:01:03+08:00
6ZC3_JOR__into__6ZBQ	6ZC3	6ZBQ	failed	C-alpha RMSD 14.352 A after superposition exceeds the 3.0 A limit	A:A;B:B	173	14.352	1.0	24	-9.67	-5.809	10.462	2026-09-22T15:01:04+08:00
6Z0R_Q4H__into__6YX3	6Z0R	6YX3	ok		A:A	295	0.385	1.0	31	35.536	13.116	60.966	2026-09-22T15:01:02+08:00
6YYO_Q1K__into__9GJ2	6YYO	9GJ2	ok		A:A;B:B	439	0.347	0.9909	43	12.574	4.792	24.391	2026-09-22T15:01:01+08:00
6ZPB_3D1__into__6ZPC	6ZPB	6ZPC	ok		A:A	173	0.157	1.0	30	-5.409	20.586	-8.234	2026-09-22T15:01:05+08:00
6ZCY_QF8__into__4YJR	6ZCY	4YJR	ok		A:A	257	1.868	0.9922	31	33.887	37.919	31.732	2026-09-22T15:01:04+08:00
6ZAE_ACV__into__1ODM	6ZAE	1ODM	ok		A:A	328	0.352	1.0	23	10.908	37.893	4.984	2026-09-22T15:01:04+08:00
7A1P_QW2__into__7A1Q	7A1P	7A1Q	ok		A:A	338	0.078	1.0	13	19.877	-25.158	7.788	2026-09-22T15:01:05+08:00
7AFX_R9K__into__6TM9	7AFX	6TM9	ok		A:A	230	0.441	1.0	26	8.106	45.759	19.892	2026-09-22T15:01:08+08:00
7A9E_R4W__into__5N6F	7A9E	5N6F	ok		A:A	365	1.087	0.989	11	12.148	12.277	92.9	2026-09-22T15:01:07+08:00
7AKL_RK5__into__6S14	7AKL	6S14	ok		A:A	327	1.165	1.0	20	17.819	-54.41	37.287	2026-09-22T15:01:09+08:00
6Z14_Q4Z__into__7WDT	6Z14	7WDT	ok		J:A	669	2.579	0.9895	19	23.468	-5.916	-4.431	2026-09-22T15:01:02+08:00
7BJJ_TVW__into__2YEX	7BJJ	2YEX	ok		A:A	260	1.427	0.9615	20	1.973	37.178	10.631	2026-09-22T15:01:15+08:00
7AN5_RDH__into__7AN6	7AN5	7AN6	ok		A:A;B:B	565	0.442	0.9965	16	2.982	17.281	24.861	2026-09-22T15:01:11+08:00
7BCP_GCO__into__7BBR	7BCP	7BBR	ok		A:A	309	0.321	1.0	12	13.792	26.595	3.197	2026-09-22T15:01:15+08:00
7BKA_4JC__into__8B72	7BKA	8B72	failed	C-alpha RMSD 34.467 A after superposition exceeds the 3.0 A limit	A:B;B:C;C:A;D:D;E:E	843	34.467	1.0	16	-37.41	56.916	6.931	2026-09-22T15:01:19+08:00
7B94_ANP__into__7B7R	7B94	7B7R	ok		A:A;B:B	596	0.337	1.0	20	-28.035	-12.968	13.315	2026-09-22T15:01:14+08:00
7BNH_BEZ__into__7BNI	7BNH	7BNI	ok		A:A;B:B	192	0.518	1.0	10	-9.191	1.855	7.585	2026-09-22T15:01:20+08:00
7BTT_F8R__into__4Z55	7BTT	4Z55	ok		A:A	294	0.552	1.0	41	-21.06	9.746	-7.503	2026-09-22T15:01:21+08:00
7A9H_TPP__into__8OGH	7A9H	8OGH	ok		A:A;B:B	1090	0.732	1.0	37	10.124	-3.155	16.574	2026-09-22T15:01:08+08:00
7BMI_U4B__into__6YYX	7BMI	6YYX	ok		A:A	429	0.57	1.0	11	-8.605	-27.38	47.36	2026-09-22T15:01:19+08:00
7CD9_FVR__into__9CUX	7CD9	9CUX	ok		A:A	212	0.924	0.9858	35	-35.479	0.696	-13.215	2026-09-22T15:01:24+08:00
7C3U_AZG__into__4LD2	7C3U	4LD2	ok		A:A;B:B	368	0.378	0.9946	17	21.58	32.466	46.064	2026-09-22T15:01:24+08:00
7CTM_BDP__into__7BR4	7CTM	7BR4	ok		A:A	468	0.396	0.9979	36	27.919	-4.891	12.342	2026-09-22T15:01:27+08:00
7CL8_TES__into__6L69	7CL8	6L69	ok		A:A	398	0.656	1.0	43	-57.353	-15.089	8.646	2026-09-22T15:01:26+08:00
7DQL_4CL__into__7P2M	7DQL	7P2M	ok		A:A	185	1.121	1.0	31	-18.603	-15.046	6.553	2026-09-22T15:01:37+08:00
7E4L_MDN__into__5YSQ	7E4L	5YSQ	failed	C-alpha RMSD 16.279 A after superposition exceeds the 3.0 A limit	A:A;B:B	548	16.279	0.9927	12	6.981	-9.101	32.817	2026-09-22T15:01:40+08:00
7DUA_HJ0__into__4CKJ	7DUA	4CKJ	ok		A:A	279	1.215	0.9964	19	26.492	10.738	10.237	2026-09-22T15:01:38+08:00
7DKT_GLF__into__5O0S	7DKT	5O0S	ok		A:A	768	0.282	0.9987	16	58.335	67.545	60.653	2026-09-22T15:01:28+08:00
7CIJ_G0C__into__7CIG	7CIJ	7CIG	ok		A:A;B:B	1039	0.499	0.9981	25	-31.339	12.386	-21.081	2026-09-22T15:01:25+08:00
7D5C_GV6__into__9WQT	7D5C	9WQT	ok		A:A	917	0.612	1.0	47	16.426	-3.019	39.799	2026-09-22T15:01:28+08:00
7ELT_TYM__into__7EV2	7ELT	7EV2	ok		A:A	321	0.368	1.0	31	10.206	45.204	13.735	2026-09-22T15:01:45+08:00
7ED2_A3P__into__7ED1	7ED2	7ED1	ok		A:A;B:B	442	0.948	1.0	48	32.354	-7.046	20.088	2026-09-22T15:01:43+08:00
7EPV_FDA__into__9HJW	7EPV	9HJW	ok		A:A	367	0.138	1.0	22	9.388	-34.431	8.858	2026-09-22T15:01:48+08:00
7F51_BA7__into__1Q1A	7F51	1Q1A	ok		A:A	282	2.891	1.0	39	8.082	29.467	-1.102	2026-09-22T15:01:52+08:00
7ES1_UDP__into__7ES0	7ES1	7ES0	ok		A:A	405	0.369	1.0	67	-15.485	-4.773	23.95	2026-09-22T15:01:50+08:00
7EBG_J0L__into__2E0A	7EBG	2E0A	ok		A:A;B:B	676	1.477	1.0	31	46.634	8.782	12.035	2026-09-22T15:01:42+08:00
7F5D_EUO__into__8AG2	7F5D	8AG2	ok		A:A	108	0.455	1.0	28	5.784	-4.128	2.629	2026-09-22T15:01:58+08:00
7FHA_ADX__into__8I1O	7FHA	8I1O	failed	C-alpha RMSD 20.454 A after superposition exceeds the 3.0 A limit	A:C;B:A	389	20.454	0.2365	27	-32.206	-11.517	-13.817	2026-09-22T15:02:01+08:00
7FT9_4MB__into__9V90	7FT9	9V90	failed	C-alpha RMSD 10.959 A after superposition exceeds the 3.0 A limit	A:A;B:B	326	10.959	1.0	22	5.287	3.463	-1.857	2026-09-22T15:02:02+08:00
7JG0_GAR__into__4ZZ1	7JG0	4ZZ1	ok		A:A	199	0.206	1.0	31	26.379	-10.796	-18.83	2026-09-22T15:02:02+08:00
7JHQ_VAJ__into__9U9T	7JHQ	9U9T	failed	C-alpha RMSD 33.6 A after superposition exceeds the 3.0 A limit	A:A;B:B;C:C;D:D	964	33.6	1.0	22	-17.185	1.222	-12.662	2026-09-22T15:02:03+08:00
7JY3_VUD__into__2W72	7JY3	2W72	failed	C-alpha RMSD 3.615 A after superposition exceeds the 3.0 A limit	A:A;B:B;C:C;D:D	574	3.615	0.9808	43	7.813	10.213	28.926	2026-09-22T15:02:07+08:00
7JXX_VP7__into__4NFN	7JXX	4NFN	ok		A:A	288	0.978	1.0	27	9.715	21.399	23.702	2026-09-22T15:02:06+08:00
7K0V_VQP__into__8C7Y	7K0V	8C7Y	failed	C-alpha RMSD 24.922 A after superposition exceeds the 3.0 A limit	A:A;B:B	518	24.922	0.9961	34	1.415	110.997	16.57	2026-09-22T15:02:09+08:00
7KC5_BJZ__into__2ICA	7KC5	2ICA	ok		A:A	179	1.061	0.9944	37	-10.188	2.216	26.732	2026-09-22T15:02:11+08:00
7KM8_WPD__into__6UWW	7KM8	6UWW	ok		A:A	157	0.546	0.9936	48	8.279	-9.596	12.214	2026-09-22T15:02:11+08:00
7KRU_ATP__into__13JG	7KRU	13JG	failed	C-alpha RMSD 3.264 A after superposition exceeds the 3.0 A limit	A:A	151	3.264	0.9669	54	-3.319	-6.197	-28.972	2026-09-22T15:02:15+08:00
7ECR_SIN__into__7ECS	7ECR	7ECS	ok		A:A;B:B;C:C	1380	0.123	1.0	48	-36.89	-3.974	-77.19	2026-09-22T15:01:43+08:00
7L5F_XNG__into__3DHA	7L5F	3DHA	ok		A:A	250	0.336	1.0	15	-17.512	-7.218	16.906	2026-09-22T15:02:16+08:00
7F8T_FAD__into__4CDN	7F8T	4CDN	ok		A:A	458	2.397	1.0	26	71.379	101.181	42.69	2026-09-22T15:02:00+08:00
7L7C_XQ1__into__8DN0	7L7C	8DN0	ok		A:A;B:B	376	1.074	1.0	16	28.739	-9.291	6.313	2026-09-22T15:02:21+08:00
7L03_F9F__into__7LKL	7L03	7LKL	ok		A:A;B:B	662	1.45	0.9985	15	6.636	-4.081	21.546	2026-09-22T15:02:15+08:00
7LOU_IFM__into__10OH	7LOU	10OH	failed	"superposition raised: ValueError(""invalid literal for int() with base 10: 'A'"")"					25	5.739	-1.059	8.253	2026-09-22T15:02:30+08:00
7LCU_XTA__into__7QY1	7LCU	7QY1	ok		A:A	470	0.597	0.9872	44	48.269	-32.943	-5.292	2026-09-22T15:02:23+08:00
7LT0_ONJ__into__3T10	7LT0	3T10	ok		A:A	208	1.352	1.0	31	10.529	-2.55	17.097	2026-09-22T15:02:32+08:00
7LZD_YHY__into__5JLB	7LZD	5JLB	ok		A:A	236	1.393	0.9958	26	-13.011	2.54	-10.256	2026-09-22T15:02:32+08:00
7LEV_0JO__into__7LKL	7LEV	7LKL	ok		A:A;B:B	626	1.291	0.9984	22	38.977	7.879	19.658	2026-09-22T15:02:26+08:00
7M6K_YRJ__into__7LCZ	7M6K	7LCZ	failed	C-alpha RMSD 20.276 A after superposition exceeds the 3.0 A limit	A:B;B:A	605	20.276	1.0	22	-14.471	-15.466	58.704	2026-09-22T15:02:37+08:00
7M31_TDR__into__1GTE	7M31	1GTE	failed	C-alpha RMSD 38.654 A after superposition exceeds the 3.0 A limit	A:C;B:D;C:B;D:A	4022	38.654	0.9988	53	56.784	80.203	92.685	2026-09-22T15:02:35+08:00
7MFP_Z7P__into__7MFO	7MFP	7MFO	failed	C-alpha RMSD 35.284 A after superposition exceeds the 3.0 A limit	A:C;B:E;C:D;D:A	1403	35.284	0.9971	25	70.904	27.538	201.904	2026-09-22T15:02:38+08:00
7MMH_ZJY__into__7MM8	7MMH	7MM8	ok		A:A	196	0.914	0.9949	55	-10.822	15.993	15.62	2026-09-22T15:02:41+08:00
7MGT_ZD4__into__4XDU	7MGT	4XDU	ok		A:A	319	0.218	0.9937	27	-19.455	9.271	19.11	2026-09-22T15:02:39+08:00
7MWN_WI5__into__9TB8	7MWN	9TB8	failed	C-alpha RMSD 23.254 A after superposition exceeds the 3.0 A limit	A:B;B:A	358	23.254	0.2458	19	2.56	5.885	32.751	2026-09-22T15:02:46+08:00
7MOI_HPS__into__7MOE	7MOI	7MOE	ok		A:A;B:B	300	0.167	1.0	40	60.782	113.487	68.895	2026-09-22T15:02:43+08:00
7MYU_ZR7__into__3VF3	7MYU	3VF3	ok		A:A	375	1.155	1.0	31	30.584	71.425	19.506	2026-09-22T15:02:49+08:00
7MWU_ZPM__into__7MWV	7MWU	7MWV	ok		A:A	499	0.161	1.0	53	3.919	46.033	46.824	2026-09-22T15:02:47+08:00
7MSR_DCA__into__6WCV	7MSR	6WCV	ok		A:A;B:B	699	1.822	0.9986	57	19.361	4.715	28.11	2026-09-22T15:02:45+08:00
7N03_ZRP__into__5WS7	7N03	5WS7	ok		A:A	154	0.901	0.987	31	-3.687	-6.405	-15.195	2026-09-22T15:02:55+08:00
7N6F_0I1__into__3MDM	7N6F	3MDM	ok		A:A	424	0.563	1.0	43	-29.33	4.075	-5.864	2026-09-22T15:02:57+08:00
7B2C_TP7__into__7B1S	7B2C	7B1S	ok		A:A;B:B;C:C;D:D;E:E;F:F	2646	0.121	1.0	64	-3.495	-2.212	60.144	2026-09-22T15:01:12+08:00
7N4N_0BK__into__7D5B	7N4N	7D5B	ok		A:A;D:D	475	0.538	1.0	28	21.341	-8.62	-17.581	2026-09-22T15:02:57+08:00
7NGW_UAW__into__7NGG	7NGW	7NGG	ok		A:C	193	0.182	1.0	17	-13.055	-28.664	2.189	2026-09-22T15:03:06+08:00
7N7B_T3F__into__7N7C	7N7B	7N7C	ok		A:A;B:B	539	0.241	1.0	35	46.79	-15.523	8.752	2026-09-22T15:03:01+08:00
7MGY_ZD1__into__7MEL	7MGY	7MEL	ok		A:A;B:B	1298	0.235	1.0	23	24.572	-31.259	275.19	2026-09-22T15:02:40+08:00
7NPL_UKZ__into__7AEL	7NPL	7AEL	failed	"mmCIF parse failed: PDBIOException(""Chain id ('AAA') exceeds PDB format limit."")"									2026-09-22T15:03:12+08:00
7NF3_4LU__into__4ZA9	7NF3	4ZA9	ok		A:A	496	0.09	0.998	45	21.865	10.176	24.489	2026-09-22T15:03:05+08:00
7NLV_UJE__into__2F01	7NLV	2F01	ok		A:A;B:B	235	0.528	1.0	16	29.634	14.833	12.392	2026-09-22T15:03:09+08:00
7NSW_HC4__into__7NRR	7NSW	7NRR	failed	"mmCIF parse failed: PDBIOException(""Chain id ('AAA') exceeds PDB format limit."")"									2026-09-22T15:03:13+08:00
7NP6_UK8__into__7NPC	7NP6	7NPC	ok		A:A	240	0.206	1.0	32	-1.694	-43.963	-15.057	2026-09-22T15:03:12+08:00
7NR8_UOE__into__8AOJ	7NR8	8AOJ	ok		A:A	339	1.046	1.0	21	9.44	10.296	43.057	2026-09-22T15:03:13+08:00
7O0N_CDP__into__7BNR	7O0N	7BNR	ok		A:A;B:B	388	0.674	0.9897	29	-10.52	20.756	-30.658	2026-09-22T15:03:16+08:00
7NF0_BYN__into__7NF2	7NF0	7NF2	ok		A:A;B:B	992	0.14	1.0	39	22.518	-9.374	12.952	2026-09-22T15:03:04+08:00
7O1T_5X8__into__5FEW	7O1T	5FEW	ok		A:A	346	0.738	0.9971	42	35.482	25.49	0.199	2026-09-22T15:03:19+08:00
7OFK_VCH__into__7NPC	7OFK	7NPC	ok		A:A	240	2.754	0.9958	32	-1.694	-43.963	-15.057	2026-09-22T15:03:25+08:00
7OMX_CNA__into__7OMW	7OMX	7OMW	failed	"mmCIF parse failed: PDBIOException(""Chain id ('AAA') exceeds PDB format limit."")"									2026-09-22T15:03:25+08:00
7OEO_V9Z__into__4Z93	7OEO	4Z93	ok		A:A	111	0.551	0.982	31	18.313	-4.837	8.621	2026-09-22T15:03:23+08:00
7NXO_UU8__into__7NWA	7NXO	7NWA	ok		A:A;B:B	724	0.647	1.0	26	-41.237	0.958	14.429	2026-09-22T15:03:15+08:00
7NU0_DCL__into__7NTZ	7NU0	7NTZ	ok		A:A	774	0.539	1.0	31	-6.131	-5.804	-26.812	2026-09-22T15:03:14+08:00
7OFF_VCB__into__9HWQ	7OFF	9HWQ	ok		A:A	289	0.197	1.0	17	40.263	-20.694	-6.289	2026-09-22T15:03:24+08:00
7P2I_MFU__into__6Z5Z	7P2I	6Z5Z	ok		A:A	88	0.502	0.9659	96	-4.898	23.346	-10.232	2026-09-22T15:03:30+08:00
7OPG_06N__into__6FT8	7OPG	6FT8	ok		A:A	337	0.662	1.0	20	-19.38	19.013	12.515	2026-09-22T15:03:26+08:00
7P1F_KFN__into__7P1E	7P1F	7P1E	ok		A:A	382	0.175	1.0	18	20.216	-15.176	-29.545	2026-09-22T15:03:28+08:00
7P1M_4IU__into__9FYJ	7P1M	9FYJ	ok		A:A;B:B	297	0.785	1.0	37	10.256	5.365	-9.872	2026-09-22T15:03:30+08:00
7PJQ_OWH__into__6T02	7PJQ	6T02	failed	C-alpha RMSD 20.984 A after superposition exceeds the 3.0 A limit	A:B;B:A	319	20.984	1.0	13	23.402	-26.189	28.603	2026-09-22T15:03:37+08:00
7P5T_5YG__into__7QJL	7P5T	7QJL	ok		A:A	395	0.182	1.0	43	19.498	42.676	86.593	2026-09-22T15:03:33+08:00
7PL1_SFG__into__9RYL	7PL1	9RYL	ok		A:A	205	2.402	1.0	31	-14.528	34.739	4.991	2026-09-22T15:03:38+08:00
7POM_7VZ__into__6G9U	7POM	6G9U	failed	C-alpha RMSD 34.471 A after superposition exceeds the 3.0 A limit	A:A;B:B;C:C;D:D	960	34.471	0.9958	34	12.967	-28.034	-58.966	2026-09-22T15:03:41+08:00
7PIH_7QW__into__5N1F	7PIH	5N1F	ok		A:A	340	0.929	1.0	19	-12.892	4.594	-29.741	2026-09-22T15:03:36+08:00
7P4C_5OV__into__4BA0	7P4C	4BA0	ok		A:A	780	0.225	1.0	12	28.536	79.507	36.433	2026-09-22T15:03:33+08:00
7PRM_81I__into__9F8D	7PRM	9F8D	ok		A:A	295	0.359	1.0	29	-36.079	-20.671	-5.752	2026-09-22T15:03:44+08:00
7PUV_84Z__into__9F2O	7PUV	9F2O	failed	C-alpha RMSD 28.667 A after superposition exceeds the 3.0 A limit	A:B;B:A;C:D;D:C	1040	28.667	1.0	30	25.645	5.859	11.702	2026-09-22T15:03:48+08:00
7PRI_7TI__into__7BM4	7PRI	7BM4	ok		A:A;B:B	552	0.22	1.0	21	-37.671	22.359	30.199	2026-09-22T15:03:42+08:00
7Q2B_M6H__into__7Q2H	7Q2B	7Q2H	ok		A:A	283	0.891	1.0	11	30.786	8.859	12.447	2026-09-22T15:03:50+08:00
7OP9_06K__into__6F4X	7OP9	6F4X	ok		A:A;B:B;C:C;D:D;E:E;F:F	1389	0.968	0.9957	19	-12.503	6.271	-15.892	2026-09-22T15:03:26+08:00
7Q27_8KC__into__6H5W	7Q27	6H5W	ok		A:A	586	0.144	0.9983	27	-12.957	-7.427	21.12	2026-09-22T15:03:50+08:00
7Q25_8J9__into__6H5W	7Q25	6H5W	ok		A:A	586	1.356	0.5461	27	-12.957	-7.427	21.12	2026-09-22T15:03:48+08:00
7QGP_DJ8__into__6EIM	7QGP	6EIM	failed	C-alpha RMSD 6.71 A after superposition exceeds the 3.0 A limit	A:B	288	6.71	0.9931	39	-17.229	4.789	0.676	2026-09-22T15:04:03+08:00
7QHL_D5P__into__2R3I	7QHL	2R3I	failed	C-alpha RMSD 4.503 A after superposition exceeds the 3.0 A limit	A:A	279	4.503	0.9928	24	1.704	27.874	8.048	2026-09-22T15:04:05+08:00
7QFM_AY3__into__3A99	7QFM	3A99	ok		A:A	271	0.56	0.9926	31	-9.74	82.929	-1.846	2026-09-22T15:04:00+08:00
7PT3_3KK__into__9QZ6	7PT3	9QZ6	ok		A:A;B:B	1146	0.123	0.9983	55	25.928	5.142	29.987	2026-09-22T15:03:44+08:00
7QPP_VDX__into__3B0T	7QPP	3B0T	ok		A:A	254	0.107	0.9961	30	-11.387	-3.16	31.794	2026-09-22T15:04:06+08:00
7QTA_URI__into__5FBF	7QTA	5FBF	ok		A:A	267	0.848	1.0	20	8.659	1.368	19.567	2026-09-22T15:04:06+08:00
7R3D_APR__into__5BR4	7R3D	5BR4	failed	C-alpha RMSD 27.455 A after superposition exceeds the 3.0 A limit	A:A;B:B	767	27.455	0.9844	44	15.001	1.954	20.132	2026-09-22T15:04:10+08:00
7R7R_AWJ__into__4Z55	7R7R	4Z55	ok		A:A	284	0.342	1.0	41	-21.06	9.746	-7.503	2026-09-22T15:04:12+08:00
7R9N_F97__into__31WB	7R9N	31WB	failed	C-alpha RMSD 6.695 A after superposition exceeds the 3.0 A limit	A:A	286	6.695	1.0	35	19.689	8.235	17.901	2026-09-22T15:04:12+08:00
7QHG_T3B__into__5NXD	7QHG	5NXD	ok		A:A;B:B	542	0.377	1.0	30	24.885	-13.863	17.826	2026-09-22T15:04:03+08:00
7Q5I_I0F__into__2GJ4	7Q5I	2GJ4	ok		A:A	802	0.431	0.9988	22	12.228	109.856	27.223	2026-09-22T15:03:57+08:00
7RH3_59O__into__9RR6	7RH3	9RR6	ok		A:A	138	0.332	0.9928	46	-19.58	9.512	-1.001	2026-09-22T15:04:13+08:00
7RKW_5TV__into__5TL8	7RKW	5TL8	ok		A:A	450	0.306	0.9956	51	6.253	19.982	47.658	2026-09-22T15:04:14+08:00
7R59_I5F__into__4ZZX	7R59	4ZZX	ok		A:A	345	0.575	0.9913	18	8.233	14.756	59.167	2026-09-22T15:04:10+08:00
7FRX_O88__into__7FS3	7FRX	7FS3	ok		A:A;B:B;C:C;D:D;E:E;F:F;G:G;H:H	3405	0.635	1.0	37	17.661	-41.672	29.053	2026-09-22T15:02:01+08:00
7ROU_66I__into__1Q11	7ROU	1Q11	ok		A:A	329	0.319	1.0	12	67.181	14.384	24.635	2026-09-22T15:04:24+08:00
7RZL_NPO__into__7LDQ	7RZL	7LDQ	ok		A:A	220	0.802	1.0	31	-0.4	36.07	12.918	2026-09-22T15:04:25+08:00
7RNI_60I__into__3E33	7RNI	3E33	ok		A:A;B:B	717	0.504	0.9986	36	-69.227	-20.082	2.317	2026-09-22T15:04:16+08:00
7ROR_69X__into__9CLL	7ROR	9CLL	ok		A:A;B:B	696	1.564	1.0	38	-15.955	-2.075	21.929	2026-09-22T15:04:18+08:00
7SCW_GSP__into__12XE	7SCW	12XE	ok		A:A	170	1.605	0.9882	51	-23.972	4.285	22.895	2026-09-22T15:04:30+08:00
7SIU_9ID__into__31WB	7SIU	31WB	failed	C-alpha RMSD 5.196 A after superposition exceeds the 3.0 A limit	A:A	286	5.196	0.9825	35	19.689	8.235	17.901	2026-09-22T15:04:33+08:00
7SZA_DUI__into__7SZC	7SZA	7SZC	failed	C-alpha RMSD 29.954 A after superposition exceeds the 3.0 A limit	A:A;B:D;C:C;D:B	800	29.954	1.0	21	-14.049	8.211	-32.149	2026-09-22T15:04:33+08:00
7SDD_4IP__into__7SDB	7SDD	7SDB	ok		A:A	288	0.138	1.0	36	10.383	-1.755	-6.977	2026-09-22T15:04:31+08:00
7SFO_98L__into__5DXE	7SFO	5DXE	ok		A:A;B:B	441	0.784	0.9864	20	24.071	-2.066	7.106	2026-09-22T15:04:32+08:00
7T1D_E7K__into__9S1Z	7T1D	9S1Z	ok		A:A	292	2.39	0.9966	71	15.227	13.842	12.386	2026-09-22T15:04:36+08:00
7TBU_S3P__into__6C5C	7TBU	6C5C	failed	C-alpha RMSD 22.175 A after superposition exceeds the 3.0 A limit	A:B;B:A	716	22.175	0.2151	44	-10.472	-8.981	-19.863	2026-09-22T15:04:45+08:00
7RSV_7IQ__into__7RSP	7RSV	7RSP	ok		A:B;B:A	1057	0.397	1.0	20	50.525	2.642	106.117	2026-09-22T15:04:25+08:00
7T0D_FPP__into__7T08	7T0D	7T08	ok		A:A;B:B	801	0.156	1.0	38	34.298	-36.146	-5.117	2026-09-22T15:04:35+08:00
7R6J_2I7__into__8EPR	7R6J	8EPR	ok		A:A;B:B	1527	0.159	1.0	36	-39.054	-31.02	-67.595	2026-09-22T15:04:11+08:00
7TH4_FFO__into__3APT	7TH4	3APT	ok		A:A;B:B	566	1.94	1.0	53	30.25	2.239	-4.631	2026-09-22T15:04:45+08:00
7THI_PGA__into__2HHJ	7THI	2HHJ	ok		A:A;B:B	509	0.487	0.9961	15	40.891	31.735	68.808	2026-09-22T15:04:48+08:00
7TOM_5AD__into__7TOL	7TOM	7TOL	ok		A:A	492	0.453	1.0	55	18.094	46.064	46.693	2026-09-22T15:04:54+08:00
7U0U_FK5__into__6VCV	7U0U	6VCV	failed	C-alpha RMSD 17.638 A after superposition exceeds the 3.0 A limit	A:A;B:B	222	17.638	0.6036	61	8.706	-12.275	-6.253	2026-09-22T15:05:06+08:00
7TYP_KUR__into__6UYB	7TYP	6UYB	ok		A:B;B:A	401	1.553	0.9925	26	-33.495	9.666	20.748	2026-09-22T15:04:59+08:00
7U3J_L6U__into__7U3H	7U3J	7U3H	ok		A:A	163	2.473	1.0	14	-1.966	-0.244	-22.209	2026-09-22T15:05:07+08:00
7TM6_GPJ__into__7TM5	7TM6	7TM5	ok		A:A;B:B	853	0.16	1.0	16	-2.563	0.626	1.0	2026-09-22T15:04:52+08:00
7UAS_MBU__into__6E1Z	7UAS	6E1Z	failed	C-alpha RMSD 19.827 A after superposition exceeds the 3.0 A limit	A:A;B:B	606	19.827	1.0	14	2.813	-2.447	-7.023	2026-09-22T15:05:09+08:00
7TS6_KMI__into__6CID	7TS6	6CID	ok		A:A;B:B	830	0.923	1.0	43	114.988	245.986	359.651	2026-09-22T15:04:55+08:00
7UJF_R3V__into__5DXE	7UJF	5DXE	failed	C-alpha RMSD 4.252 A after superposition exceeds the 3.0 A limit	A:A;B:B	444	4.252	0.973	20	24.071	-2.066	7.106	2026-09-22T15:05:15+08:00
7TSF_H4B__into__4FVY	7TSF	4FVY	ok		A:B;B:A	816	0.403	1.0	43	14.532	4.189	24.481	2026-09-22T15:04:58+08:00
7UJ5_DGL__into__8EB3	7UJ5	8EB3	ok		A:B;B:A	507	0.705	0.9961	14	-0.281	-13.613	-31.457	2026-09-22T15:05:11+08:00
7UMW_NAD__into__7UM8	7UMW	7UM8	ok		A:B;B:A	517	0.256	1.0	30	-32.142	26.941	-5.504	2026-09-22T15:05:16+08:00
7UQ3_O2U__into__4GJZ	7UQ3	4GJZ	ok		A:A	228	0.364	1.0	10	8.673	12.872	21.775	2026-09-22T15:05:22+08:00
7ULC_56B__into__7U1O	7ULC	7U1O	ok		A:A;B:B	634	0.368	0.9968	29	70.861	15.973	68.369	2026-09-22T15:05:16+08:00
7USH_82V__into__5IG6	7USH	5IG6	ok		A:A	111	1.016	0.973	33	10.499	17.849	-9.302	2026-09-22T15:05:25+08:00
7UJ4_OQ4__into__9WN9	7UJ4	9WN9	ok		A:A;B:B	889	0.639	1.0	43	-21.347	-1.305	24.048	2026-09-22T15:05:11+08:00
7V3S_5I9__into__9T6K	7V3S	9T6K	failed	"superposition raised: ValueError(""invalid literal for int() with base 10: 'A14'"")"					17	23.171	-3.382	12.598	2026-09-22T15:05:29+08:00
7UYB_OK0__into__7UYA	7UYB	7UYA	ok		A:A	230	0.078	1.0	27	-20.921	-12.683	-10.601	2026-09-22T15:05:28+08:00
7V14_ORU__into__7MBO	7V14	7MBO	ok		A:A	236	0.482	1.0	43	-1.162	10.535	-17.991	2026-09-22T15:05:28+08:00
7V43_C4O__into__7V44	7V43	7V44	ok		A:A	432	0.082	1.0	43	-2.517	47.472	8.787	2026-09-22T15:05:30+08:00
7UAW_MF6__into__8KBH	7UAW	8KBH	ok		A:A;B:B	250	1.753	0.992	45	21.4	-12.457	52.603	2026-09-22T15:05:11+08:00
7VBU_6I4__into__5J71	7VBU	5J71	ok		A:A	325	0.922	0.9938	27	15.508	1.036	-38.033	2026-09-22T15:05:32+08:00
7UTW_NAI__into__2JHF	7UTW	2JHF	ok		A:A;B:B	748	0.267	1.0	44	0.262	15.632	15.282	2026-09-22T15:05:27+08:00
7VB8_STL__into__7WAR	7VB8	7WAR	ok		A:A;B:B	725	0.853	1.0	44	1.252	20.468	-2.81	2026-09-22T15:05:32+08:00
7VQ9_ISY__into__7VQA	7VQ9	7VQA	ok		A:B;B:A	405	0.417	1.0	14	24.266	0.926	-2.223	2026-09-22T15:05:39+08:00
7WDT_NGS__into__6Z14	7WDT	6Z14	failed	"mmCIF parse failed: PDBIOException(""Chain id ('JJJ') exceeds PDB format limit."")"									2026-09-22T15:05:46+08:00
7VWF_K55__into__5U3Q	7VWF	5U3Q	ok		A:A;B:B	516	0.822	0.9981	34	39.59	1.727	133.943	2026-09-22T15:05:39+08:00
7WL4_JFU__into__4QB3	7WL4	4QB3	ok		A:A	125	0.919	0.984	22	24.959	50.057	-3.171	2026-09-22T15:05:49+08:00
7WPW_F15__into__7FEZ	7WPW	7FEZ	ok		A:A	133	0.336	1.0	20	7.111	-20.628	-2.385	2026-09-22T15:05:52+08:00
7VC5_9SF__into__7F9T	7VC5	7F9T	ok		A:B	479	0.965	0.9979	35	-15.591	-8.606	12.873	2026-09-22T15:05:38+08:00
7WQQ_5Z6__into__9GFE	7WQQ	9GFE	ok		A:A	228	1.115	0.9956	26	-8.134	-8.672	-13.29	2026-09-22T15:05:55+08:00
7WY1_D0L__into__2IJ2	7WY1	2IJ2	failed	C-alpha RMSD 31.428 A after superposition exceeds the 3.0 A limit	A:A;B:B	892	31.428	1.0	43	47.863	25.813	34.9	2026-09-22T15:06:00+08:00
7WUY_76N__into__7WW0	7WUY	7WW0	ok		A:A;B:B	786	0.629	1.0	26	20.992	48.453	25.527	2026-09-22T15:05:59+08:00
7VKZ_NOJ__into__7VL1	7VKZ	7VL1	ok		A:A;B:B	1406	0.523	0.9986	13	19.834	-36.396	35.322	2026-09-22T15:05:38+08:00
7X9K_8OG__into__7WW6	7X9K	7WW6	ok		A:A	129	0.094	1.0	32	-7.19	0.706	24.456	2026-09-22T15:06:13+08:00
7XFA_D9J__into__9RR6	7XFA	9RR6	ok		A:A	138	0.345	1.0	46	-19.58	9.512	-1.001	2026-09-22T15:06:15+08:00
7X5N_5M5__into__9KRO	7X5N	9KRO	ok		A:A;B:B	819	0.506	1.0	30	-8.964	23.187	28.623	2026-09-22T15:06:02+08:00
7VYJ_CA0__into__7VX0	7VYJ	7VX0	ok		A:B;B:A	1349	0.588	1.0	31	-1.573	-49.055	24.632	2026-09-22T15:05:45+08:00
7XI7_4RI__into__1KMV	7XI7	1KMV	ok		A:A	185	0.615	1.0	48	14.76	35.071	35.168	2026-09-22T15:06:17+08:00
7XBV_APC__into__7XBT	7XBV	7XBT	ok		A:A	409	0.62	1.0	23	-2.885	19.12	9.34	2026-09-22T15:06:15+08:00
7XG5_PLP__into__4CE5	7XG5	4CE5	ok		A:A;B:B	642	0.746	0.9907	25	-32.284	-53.107	33.13	2026-09-22T15:06:15+08:00
7SUC_COM__into__5A0Y	7SUC	5A0Y	ok		A:A;B:B;C:C;a:D;b:E;c:F	2472	0.299	1.0	62	35.155	36.157	-58.563	2026-09-22T15:04:33+08:00
7XPO_UPG__into__7XPQ	7XPO	7XPQ	ok		A:A;B:B	677	0.3	1.0	44	-2.189	-7.872	11.606	2026-09-22T15:06:19+08:00
7XQZ_FPF__into__7XR7	7XQZ	7XR7	ok		A:A	493	0.164	0.998	24	-20.236	-1.548	-19.183	2026-09-22T15:06:26+08:00
7XRL_FWK__into__5YRV	7XRL	5YRV	failed	C-alpha RMSD 44.691 A after superposition exceeds the 3.0 A limit	A:G;B:A;C:C;D:D;E:B;F:F	1732	44.691	0.9278	91	-107.578	150.392	-22.086	2026-09-22T15:06:34+08:00
7Z1Q_NIO__into__9QK5	7Z1Q	9QK5	ok		A:A	191	0.78	0.9948	13	18.892	5.846	2.86	2026-09-22T15:06:40+08:00
7Z7F_IF3__into__7Z5M	7Z7F	7Z5M	ok		A:A;B:B	296	2.359	1.0	12	17.427	25.637	-9.288	2026-09-22T15:06:43+08:00
7Z2O_IAJ__into__7OTF	7Z2O	7OTF	ok		A:A;B:B	391	0.214	1.0	23	13.454	15.128	9.987	2026-09-22T15:06:41+08:00
7ZHP_IQY__into__4NFN	7ZHP	4NFN	ok		A:A	292	0.64	1.0	27	9.715	21.399	23.702	2026-09-22T15:06:50+08:00
7ZL5_IWE__into__7Q0D	7ZL5	7Q0D	failed	C-alpha RMSD 21.089 A after superposition exceeds the 3.0 A limit	A:A;B:B	512	21.089	1.0	24	29.896	0.167	-4.931	2026-09-22T15:06:51+08:00
7ZOC_T8E__into__4U6T	7ZOC	4U6T	failed	C-alpha RMSD 20.945 A after superposition exceeds the 3.0 A limit	A:A	86	20.945	0.3837	22	45.313	-12.822	-33.715	2026-09-22T15:06:53+08:00
7XJN_NSD__into__7XJM	7XJN	7XJM	ok		A:A;B:B;C:C;D:D	1277	0.256	1.0	10	-31.276	11.801	-8.32	2026-09-22T15:06:17+08:00
7YZU_DO7__into__7OFY	7YZU	7OFY	ok		A:A	382	0.539	1.0	20	10.59	-15.731	12.23	2026-09-22T15:06:39+08:00
7ZF0_DHR__into__7ZER	7ZF0	7ZER	ok		A:A	474	0.26	1.0	25	35.668	45.581	53.457	2026-09-22T15:06:50+08:00
7ZTL_BCN__into__5G1X	7ZTL	5G1X	ok		A:A	263	0.178	0.9962	27	44.351	-10.222	39.388	2026-09-22T15:06:54+08:00
7ZZW_KKW__into__7KBG	7ZZW	7KBG	failed	C-alpha RMSD 29.13 A after superposition exceeds the 3.0 A limit	A:A;B:C;C:B	1100	29.13	1.0	39	72.693	33.065	1.535	2026-09-22T15:07:01+08:00
7ZU2_DHT__into__8E1A	7ZU2	8E1A	ok		A:A	242	0.667	0.9917	20	26.966	2.586	4.233	2026-09-22T15:06:59+08:00
7ZXV_45D__into__6T6K	7ZXV	6T6K	ok		A:A	306	2.29	0.9902	41	-0.144	-23.389	16.281	2026-09-22T15:07:00+08:00
8A2D_KXY__into__8A27	8A2D	8A27	ok		A:A	269	0.606	0.9926	48	23.815	-10.622	-11.554	2026-09-22T15:07:02+08:00
8AP0_PRP__into__8AOZ	8AP0	8AOZ	failed	"mmCIF parse failed: PDBIOException(""Chain id ('AAA') exceeds PDB format limit."")"									2026-09-22T15:07:08+08:00
8AEM_LVF__into__7I7Y	8AEM	7I7Y	ok		A:A	327	0.621	1.0	40	0.501	3.992	16.4	2026-09-22T15:07:05+08:00
8AAU_LH0__into__3S95	8AAU	3S95	ok		L:A	287	1.565	0.9965	35	16.088	8.357	33.257	2026-09-22T15:07:03+08:00
8AIE_M7L__into__8AYJ	8AIE	8AYJ	ok		A:A;B:B	551	0.747	1.0	22	9.895	-0.345	13.686	2026-09-22T15:07:07+08:00
8AY3_OE3__into__9TB8	8AY3	9TB8	ok		A:A;B:B	482	0.926	0.9979	19	2.56	5.885	32.751	2026-09-22T15:07:18+08:00
8AUH_L9I__into__8AUF	8AUH	8AUF	ok		A:A;B:B	721	0.594	0.9945	31	-15.99	16.395	-5.119	2026-09-22T15:07:14+08:00
8BOM_QU6__into__6Q7D	8BOM	6Q7D	ok		A:A	267	0.526	1.0	39	-82.872	-18.863	87.793	2026-09-22T15:07:31+08:00
8BTI_RFO__into__7BNB	8BTI	7BNB	ok		A:A	344	0.375	1.0	16	3.566	-5.346	5.827	2026-09-22T15:07:32+08:00
8B8H_OJQ__into__6SCZ	8B8H	6SCZ	ok		A:A;B:B	742	0.37	0.9973	14	-26.622	66.842	13.642	2026-09-22T15:07:20+08:00
8C3N_ADP__into__8BR9	8C3N	8BR9	ok		A:A	210	1.054	1.0	11	30.809	-21.812	21.947	2026-09-22T15:07:37+08:00
7ZDY_6MJ__into__7ZB3	7ZDY	7ZB3	ok		W:A;Y:B	1521	0.348	0.9993	19	-28.044	57.956	-7.943	2026-09-22T15:06:44+08:00
8C5M_MTA__into__28WF	8C5M	28WF	ok		A:A;B:B	410	0.458	0.9976	18	-84.169	13.641	29.395	2026-09-22T15:07:39+08:00
8CNH_V6U__into__4OYB	8CNH	4OYB	ok		A:A	453	0.768	1.0	21	17.803	24.68	-2.478	2026-09-22T15:07:40+08:00
8D39_QDB__into__9DOE	8D39	9DOE	ok		A:A	393	0.298	1.0	43	2.483	-2.248	15.67	2026-09-22T15:07:48+08:00
8DHG_T78__into__4OQV	8DHG	4OQV	ok		A:A	353	0.447	1.0	31	-3.486	-40.492	5.658	2026-09-22T15:08:00+08:00
8CSD_C5P__into__8CSC	8CSD	8CSC	ok		A:A;B:B	787	0.672	0.9936	15	30.606	24.478	-26.122	2026-09-22T15:07:42+08:00
8DP2_UMA__into__7U35	8DP2	7U35	failed	C-alpha RMSD 4.092 A after superposition exceeds the 3.0 A limit	A:B	437	4.092	0.9977	27	-43.527	71.1	55.183	2026-09-22T15:08:03+08:00
8D19_GSH__into__8CZL	8D19	8CZL	ok		A:A;B:B	800	0.5	1.0	21	24.216	30.36	31.064	2026-09-22T15:07:45+08:00
8EAB_VN2__into__8EA7	8EAB	8EA7	ok		A:A;B:B	236	0.329	1.0	41	8.542	-17.221	20.008	2026-09-22T15:08:09+08:00
8EX2_Q2Q__into__8BXH	8EX2	8BXH	failed	C-alpha RMSD 6.314 A after superposition exceeds the 3.0 A limit	A:A	257	6.314	0.2957	31	-12.393	15.145	20.294	2026-09-22T15:08:16+08:00
8DKO_TFB__into__8DKP	8DKO	8DKP	ok		A:A;B:B	769	0.778	0.9987	53	13.999	23.589	44.618	2026-09-22T15:08:00+08:00
8EXL_799__into__9CMK	8EXL	9CMK	ok		A:B	121	2.964	1.0	32	20.154	-2.524	12.913	2026-09-22T15:08:17+08:00
8F4J_PHO__into__1MZ4	8F4J	1MZ4	failed	C-alpha RMSD 23.269 A after superposition exceeds the 3.0 A limit	A:A	127	23.269	0.2835	43	38.777	19.949	-4.263	2026-09-22T15:08:27+08:00
8D5D_5DK__into__8D88	8D5D	8D88	ok		A:A;B:B	909	0.574	1.0	25	35.353	-8.509	26.957	2026-09-22T15:07:59+08:00
8FAV_4Y5__into__7NPC	8FAV	7NPC	ok		A:A	240	0.554	0.9875	32	-1.694	-43.963	-15.057	2026-09-22T15:08:30+08:00
8F8E_XJI__into__9PLY	8F8E	9PLY	failed	C-alpha RMSD 11.271 A after superposition exceeds the 3.0 A limit	A:A;B:B	586	11.271	0.9983	37	23.452	5.008	-0.887	2026-09-22T15:08:29+08:00
8AQL_PLG__into__29LK	8AQL	29LK	ok		A:A;B:B;C:C;D:D	1819	0.196	1.0	22	5.689	35.839	28.028	2026-09-22T15:07:09+08:00
8G0V_YHT__into__7KNO	8G0V	7KNO	failed	C-alpha RMSD 4.934 A after superposition exceeds the 3.0 A limit	A:A;B:B;C:C	1923	4.934	1.0	25	-15.134	6.305	-24.977	2026-09-22T15:08:31+08:00
8FLV_ZB9__into__5P9J	8FLV	5P9J	ok		A:A	263	0.476	1.0	33	19.812	7.156	3.617	2026-09-22T15:08:30+08:00
8DSC_NCA__into__8DSE	8DSC	8DSE	ok		A:B;B:A	937	0.221	1.0	32	-16.178	3.002	-4.242	2026-09-22T15:08:07+08:00
8GFD_ZHR__into__8GFH	8GFD	8GFH	ok		A:A	512	0.192	1.0	22	-25.588	-32.555	-64.861	2026-09-22T15:08:31+08:00
8HO0_3ZI__into__8HNZ	8HO0	8HNZ	ok		A:A	390	0.134	1.0	43	-3.102	28.226	7.535	2026-09-22T15:08:36+08:00
8HFN_XGC__into__3C8Z	8HFN	3C8Z	ok		A:B	400	0.616	0.9975	29	33.106	14.363	-34.701	2026-09-22T15:08:35+08:00
8EYE_X4I__into__6SBQ	8EYE	6SBQ	ok		A:A	888	0.469	0.9921	20	89.782	119.848	122.602	2026-09-22T15:08:27+08:00
7WJB_BGC__into__7WJ9	7WJB	7WJ9	ok		A:A	729	0.227	1.0	10	11.698	11.555	40.716	2026-09-22T15:05:48+08:00
