scope	key	source_pdb	status	reason	atoms_kept	waters_removed	additive_atoms_removed	stray_ligand_atoms_removed	cofactor_atoms_kept	cofactors_kept	protonation	typing	pdbqt_atoms	pdbqt_bytes	elapsed_s	recorded
posebusters	5SD5_HWI	/home/qasim/vgb_bench_data/benchmarks/posebusters_benchmark_set/5SD5_HWI/5SD5_HWI_protein.pdb	ok		1344	0	21	0	48	NAP	pdb2pqr_propka_ph7.4	openbabel_gasteiger_rigid	1643	131972	1.15	2026-09-22T14:49:19+08:00
posebusters	5SB2_1K2	/home/qasim/vgb_bench_data/benchmarks/posebusters_benchmark_set/5SB2_1K2/5SB2_1K2_protein.pdb	ok		2285	0	5	0	0		pdb2pqr_propka_ph7.4	openbabel_gasteiger_rigid	2825	226798	1.67	2026-09-22T14:49:19+08:00
posebusters	5SIS_JSM	/home/qasim/vgb_bench_data/benchmarks/posebusters_benchmark_set/5SIS_JSM/5SIS_JSM_protein.pdb	ok		2570	0	2	0	0		pdb2pqr_propka_ph7.4	openbabel_gasteiger_rigid	3132	250826	2.06	2026-09-22T14:49:19+08:00
posebusters	6M73_FNR	/home/qasim/vgb_bench_data/benchmarks/posebusters_benchmark_set/6M73_FNR/6M73_FNR_protein.pdb	ok		2795	0	30	0	12	LAC,PYR	pdb2pqr_propka_ph7.4	openbabel_gasteiger_rigid	3402	272958	2.15	2026-09-22T14:49:19+08:00
posebusters	6M2B_EZO	/home/qasim/vgb_bench_data/benchmarks/posebusters_benchmark_set/6M2B_EZO/6M2B_EZO_protein.pdb	ok		2834	0	0	0	42	FMN,ORO	pdb2pqr_propka_ph7.4	openbabel_gasteiger_rigid	3495	280398	2.18	2026-09-22T14:49:19+08:00
posebusters	5SAK_ZRY	/home/qasim/vgb_bench_data/benchmarks/posebusters_benchmark_set/5SAK_ZRY/5SAK_ZRY_protein.pdb	ok		4667	0	34	1	0		pdb2pqr_propka_ph7.4	openbabel_gasteiger_rigid	2895	231866	2.35	2026-09-22T14:49:19+08:00
posebusters	6WTN_RXT	/home/qasim/vgb_bench_data/benchmarks/posebusters_benchmark_set/6WTN_RXT/6WTN_RXT_protein.pdb	ok		2285	0	12	0	0		pdb2pqr_propka_ph7.4	openbabel_gasteiger_rigid	2929	235384	1.95	2026-09-22T14:49:21+08:00
posebusters	6T88_MWQ	/home/qasim/vgb_bench_data/benchmarks/posebusters_benchmark_set/6T88_MWQ/6T88_MWQ_protein.pdb	ok		6944	0	108	0	53	FAD	pdb2pqr_propka_ph7.4	openbabel_gasteiger_rigid	4277	342692	3.14	2026-09-22T14:49:20+08:00
posebusters	6XBO_5MC	/home/qasim/vgb_bench_data/benchmarks/posebusters_benchmark_set/6XBO_5MC/6XBO_5MC_protein.pdb	ok		2571	0	20	0	174	OLC	pdb2pqr_propka_ph7.4	openbabel_gasteiger_rigid	3122	253750	1.95	2026-09-22T14:49:22+08:00
posebusters	6VTA_AKN	/home/qasim/vgb_bench_data/benchmarks/posebusters_benchmark_set/6VTA_AKN/6VTA_AKN_protein.pdb	ok		2931	0	0	0	102	ACO	pdb2pqr_propka_ph7.4	openbabel_gasteiger_rigid	3584	288050	2.44	2026-09-22T14:49:21+08:00
posebusters	6TW7_NZB	/home/qasim/vgb_bench_data/benchmarks/posebusters_benchmark_set/6TW7_NZB/6TW7_NZB_protein.pdb	ok		3417	0	1	0	63	MYA	pdb2pqr_propka_ph7.4	openbabel_gasteiger_rigid	4133	331172	2.89	2026-09-22T14:49:21+08:00
posebusters	6XG5_TOP	/home/qasim/vgb_bench_data/benchmarks/posebusters_benchmark_set/6XG5_TOP/6XG5_TOP_protein.pdb	ok		1315	0	7	0	48	NDP	pdb2pqr_propka_ph7.4	openbabel_gasteiger_rigid	1581	127012	1.03	2026-09-22T14:49:24+08:00
posebusters	6XCT_478	/home/qasim/vgb_bench_data/benchmarks/posebusters_benchmark_set/6XCT_478/6XCT_478_protein.pdb	ok		4616	0	0	0	0		pdb2pqr_propka_ph7.4	openbabel_gasteiger_rigid	2879	230852	1.99	2026-09-22T14:49:23+08:00
posebusters	6YJA_2BA	/home/qasim/vgb_bench_data/benchmarks/posebusters_benchmark_set/6YJA_2BA/6YJA_2BA_protein.pdb	ok		2188	0	8	0	0		pdb2pqr_propka_ph7.4	openbabel_gasteiger_rigid	2653	212772	1.56	2026-09-22T14:49:24+08:00
posebusters	6YQW_82I	/home/qasim/vgb_bench_data/benchmarks/posebusters_benchmark_set/6YQW_82I/6YQW_82I_protein.pdb	ok		821	0	0	0	0		pdb2pqr_propka_ph7.4	openbabel_gasteiger_rigid	1001	80346	0.75	2026-09-22T14:49:26+08:00
posebusters	6YMS_OZH	/home/qasim/vgb_bench_data/benchmarks/posebusters_benchmark_set/6YMS_OZH/6YMS_OZH_protein.pdb	ok		4654	0	31	0	0		pdb2pqr_propka_ph7.4	openbabel_gasteiger_rigid	2988	239306	2.1	2026-09-22T14:49:25+08:00
posebusters	6XM9_V55	/home/qasim/vgb_bench_data/benchmarks/posebusters_benchmark_set/6XM9_V55/6XM9_V55_protein.pdb	ok		7427	0	91	0	0		pdb2pqr_propka_ph7.4	openbabel_gasteiger_rigid	4595	368132	3.24	2026-09-22T14:49:24+08:00
posebusters	6YQV_8K2	/home/qasim/vgb_bench_data/benchmarks/posebusters_benchmark_set/6YQV_8K2/6YQV_8K2_protein.pdb	ok		4489	0	25	0	14	NAG	pdb2pqr_propka_ph7.4	openbabel_gasteiger_rigid	2906	233544	1.99	2026-09-22T14:49:25+08:00
posebusters	6YR2_T1C	/home/qasim/vgb_bench_data/benchmarks/posebusters_benchmark_set/6YR2_T1C/6YR2_T1C_protein.pdb	ok		3196	0	19	0	0		pdb2pqr_propka_ph7.4	openbabel_gasteiger_rigid	3939	316184	2.5	2026-09-22T14:49:27+08:00
posebusters	6YRV_PJ8	/home/qasim/vgb_bench_data/benchmarks/posebusters_benchmark_set/6YRV_PJ8/6YRV_PJ8_protein.pdb	ok		4343	0	0	0	76	CO2,FAD,STE	pdb2pqr_propka_ph7.4	openbabel_gasteiger_rigid	5319	426584	3.72	2026-09-22T14:49:27+08:00
posebusters	6YT6_PKE	/home/qasim/vgb_bench_data/benchmarks/posebusters_benchmark_set/6YT6_PKE/6YT6_PKE_protein.pdb	ok		4125	0	5	0	0		pdb2pqr_propka_ph7.4	openbabel_gasteiger_rigid	5054	405650	3.18	2026-09-22T14:49:27+08:00
posebusters	6YYO_Q1K	/home/qasim/vgb_bench_data/benchmarks/posebusters_benchmark_set/6YYO_Q1K/6YYO_Q1K_protein.pdb	ok		3426	0	165	0	0		pdb2pqr_propka_ph7.4	openbabel_gasteiger_rigid	4213	337572	2.83	2026-09-22T14:49:29+08:00
posebusters	6Z0R_Q4H	/home/qasim/vgb_bench_data/benchmarks/posebusters_benchmark_set/6Z0R_Q4H/6Z0R_Q4H_protein.pdb	ok		2244	0	13	0	0		pdb2pqr_propka_ph7.4	openbabel_gasteiger_rigid	2781	222746	1.58	2026-09-22T14:49:30+08:00
posebusters	6TW5_9M2	/home/qasim/vgb_bench_data/benchmarks/posebusters_benchmark_set/6TW5_9M2/6TW5_9M2_protein.pdb	ok		9590	0	33	0	189	MYA	pdb2pqr_propka_ph7.4	openbabel_gasteiger_rigid	11679	936182	11.82	2026-09-22T14:49:21+08:00
posebusters	6Z1C_7EY	/home/qasim/vgb_bench_data/benchmarks/posebusters_benchmark_set/6Z1C_7EY/6Z1C_7EY_protein.pdb	ok		2637	0	1	0	0		pdb2pqr_propka_ph7.4	openbabel_gasteiger_rigid	3385	271598	3.15	2026-09-22T14:49:32+08:00
posebusters	6Z2C_Q5E	/home/qasim/vgb_bench_data/benchmarks/posebusters_benchmark_set/6Z2C_Q5E/6Z2C_Q5E_protein.pdb	ok		4334	0	0	0	0		pdb2pqr_propka_ph7.4	openbabel_gasteiger_rigid	5296	424478	3.21	2026-09-22T14:49:32+08:00
posebusters	6Z14_Q4Z	/home/qasim/vgb_bench_data/benchmarks/posebusters_benchmark_set/6Z14_Q4Z/6Z14_Q4Z_protein.pdb	ok		5283	0	6	0	19	B3P	pdb2pqr_propka_ph7.4	openbabel_gasteiger_rigid	6460	517332	4.9	2026-09-22T14:49:31+08:00
posebusters	6ZC3_JOR	/home/qasim/vgb_bench_data/benchmarks/posebusters_benchmark_set/6ZC3_JOR/6ZC3_JOR_protein.pdb	ok		1352	0	4	0	0		pdb2pqr_propka_ph7.4	openbabel_gasteiger_rigid	1674	134718	1.04	2026-09-22T14:49:35+08:00
posebusters	6Z4N_Q7B	/home/qasim/vgb_bench_data/benchmarks/posebusters_benchmark_set/6Z4N_Q7B/6Z4N_Q7B_protein.pdb	ok		4816	0	29	0	30	PLP	pdb2pqr_propka_ph7.4	openbabel_gasteiger_rigid	5895	473196	3.93	2026-09-22T14:49:33+08:00
posebusters	6XHT_V2V	/home/qasim/vgb_bench_data/benchmarks/posebusters_benchmark_set/6XHT_V2V/6XHT_V2V_protein.pdb	ok		10872	0	33	0	0		pdb2pqr_propka_ph7.4	openbabel_gasteiger_rigid	13599	1089782	13.31	2026-09-22T14:49:24+08:00
posebusters	6ZAE_ACV	/home/qasim/vgb_bench_data/benchmarks/posebusters_benchmark_set/6ZAE_ACV/6ZAE_ACV_protein.pdb	ok		5045	0	6	0	0		pdb2pqr_propka_ph7.4	openbabel_gasteiger_rigid	3213	257306	2.2	2026-09-22T14:49:35+08:00
posebusters	6ZCY_QF8	/home/qasim/vgb_bench_data/benchmarks/posebusters_benchmark_set/6ZCY_QF8/6ZCY_QF8_protein.pdb	ok		2055	0	0	0	0		pdb2pqr_propka_ph7.4	openbabel_gasteiger_rigid	2665	214264	1.98	2026-09-22T14:49:35+08:00
posebusters	6ZPB_3D1	/home/qasim/vgb_bench_data/benchmarks/posebusters_benchmark_set/6ZPB_3D1/6ZPB_3D1_protein.pdb	ok		1395	0	3	0	0		pdb2pqr_propka_ph7.4	openbabel_gasteiger_rigid	1700	136266	1.19	2026-09-22T14:49:37+08:00
posebusters	6YSP_PAL	/home/qasim/vgb_bench_data/benchmarks/posebusters_benchmark_set/6YSP_PAL/6YSP_PAL_protein.pdb	ok		14491	0	94	0	20	CP	obabel_ph7.4_fallback	openbabel_gasteiger_rigid	8943	717445	11.42	2026-09-22T14:49:27+08:00
posebusters	7A9E_R4W	/home/qasim/vgb_bench_data/benchmarks/posebusters_benchmark_set/7A9E_R4W/7A9E_R4W_protein.pdb	ok		2859	0	17	0	0		pdb2pqr_propka_ph7.4	openbabel_gasteiger_rigid	3635	291332	2.25	2026-09-22T14:49:37+08:00
posebusters	7A1P_QW2	/home/qasim/vgb_bench_data/benchmarks/posebusters_benchmark_set/7A1P_QW2/7A1P_QW2_protein.pdb	ok		5627	0	16	0	0		pdb2pqr_propka_ph7.4	openbabel_gasteiger_rigid	3551	284612	2.7	2026-09-22T14:49:37+08:00
posebusters	7AFX_R9K	/home/qasim/vgb_bench_data/benchmarks/posebusters_benchmark_set/7AFX_R9K/7AFX_R9K_protein.pdb	ok		6775	0	30	0	0		obabel_ph7.4_fallback	openbabel_gasteiger_rigid	4187	335762	1.83	2026-09-22T14:49:38+08:00
posebusters	6ZK5_IMH	/home/qasim/vgb_bench_data/benchmarks/posebusters_benchmark_set/6ZK5_IMH/6ZK5_IMH_protein.pdb	ok		4812	0	20	0	0		pdb2pqr_propka_ph7.4	openbabel_gasteiger_rigid	5794	464052	4.29	2026-09-22T14:49:36+08:00
posebusters	7AKL_RK5	/home/qasim/vgb_bench_data/benchmarks/posebusters_benchmark_set/7AKL_RK5/7AKL_RK5_protein.pdb	ok		2673	0	1	0	0		pdb2pqr_propka_ph7.4	openbabel_gasteiger_rigid	3306	265012	2.04	2026-09-22T14:49:39+08:00
posebusters	7BJJ_TVW	/home/qasim/vgb_bench_data/benchmarks/posebusters_benchmark_set/7BJJ_TVW/7BJJ_TVW_protein.pdb	ok		2077	0	1	0	0		pdb2pqr_propka_ph7.4	openbabel_gasteiger_rigid	2573	206372	2.07	2026-09-22T14:49:41+08:00
posebusters	7BCP_GCO	/home/qasim/vgb_bench_data/benchmarks/posebusters_benchmark_set/7BCP_GCO/7BCP_GCO_protein.pdb	ok		4832	0	0	0	0		pdb2pqr_propka_ph7.4	openbabel_gasteiger_rigid	2940	235466	2.57	2026-09-22T14:49:41+08:00
posebusters	7AN5_RDH	/home/qasim/vgb_bench_data/benchmarks/posebusters_benchmark_set/7AN5_RDH/7AN5_RDH_protein.pdb	ok		4427	0	0	0	0		pdb2pqr_propka_ph7.4	openbabel_gasteiger_rigid	5369	430052	4.66	2026-09-22T14:49:39+08:00
posebusters	7B94_ANP	/home/qasim/vgb_bench_data/benchmarks/posebusters_benchmark_set/7B94_ANP/7B94_ANP_protein.pdb	ok		4730	0	12	0	34	T3W	pdb2pqr_propka_ph7.4	openbabel_gasteiger_rigid	5781	464608	4.94	2026-09-22T14:49:40+08:00
posebusters	7BNH_BEZ	/home/qasim/vgb_bench_data/benchmarks/posebusters_benchmark_set/7BNH_BEZ/7BNH_BEZ_protein.pdb	ok		3024	0	53	0	0		pdb2pqr_propka_ph7.4	openbabel_gasteiger_rigid	1904	152852	1.84	2026-09-22T14:49:44+08:00
posebusters	7BMI_U4B	/home/qasim/vgb_bench_data/benchmarks/posebusters_benchmark_set/7BMI_U4B/7BMI_U4B_protein.pdb	ok		7044	0	1	0	0		pdb2pqr_propka_ph7.4	openbabel_gasteiger_rigid	4472	358292	3.84	2026-09-22T14:49:43+08:00
posebusters	7BTT_F8R	/home/qasim/vgb_bench_data/benchmarks/posebusters_benchmark_set/7BTT_F8R/7BTT_F8R_protein.pdb	ok		2385	0	0	0	0		pdb2pqr_propka_ph7.4	openbabel_gasteiger_rigid	2915	233732	2.43	2026-09-22T14:49:45+08:00
posebusters	7A9H_TPP	/home/qasim/vgb_bench_data/benchmarks/posebusters_benchmark_set/7A9H_TPP/7A9H_TPP_protein.pdb	ok		16342	0	2	0	0		pdb2pqr_propka_ph7.4	openbabel_gasteiger_rigid	9966	799408	10.35	2026-09-22T14:49:37+08:00
posebusters	7C3U_AZG	/home/qasim/vgb_bench_data/benchmarks/posebusters_benchmark_set/7C3U_AZG/7C3U_AZG_protein.pdb	ok		2644	0	6	0	0		pdb2pqr_propka_ph7.4	openbabel_gasteiger_rigid	3264	261918	3.03	2026-09-22T14:49:47+08:00
posebusters	7BKA_4JC	/home/qasim/vgb_bench_data/benchmarks/posebusters_benchmark_set/7BKA_4JC/7BKA_4JC_protein.pdb	ok		6509	0	20	0	0		pdb2pqr_propka_ph7.4	openbabel_gasteiger_rigid	7919	635648	8.0	2026-09-22T14:49:43+08:00
posebusters	7CD9_FVR	/home/qasim/vgb_bench_data/benchmarks/posebusters_benchmark_set/7CD9_FVR/7CD9_FVR_protein.pdb	ok		7062	0	26	0	0		pdb2pqr_propka_ph7.4	openbabel_gasteiger_rigid	4334	347252	4.41	2026-09-22T14:49:48+08:00
posebusters	7C0U_FGO	/home/qasim/vgb_bench_data/benchmarks/posebusters_benchmark_set/7C0U_FGO/7C0U_FGO_protein.pdb	ok		6114	0	59	0	0		pdb2pqr_propka_ph7.4	openbabel_gasteiger_rigid	7460	597332	7.7	2026-09-22T14:49:46+08:00
posebusters	7CL8_TES	/home/qasim/vgb_bench_data/benchmarks/posebusters_benchmark_set/7CL8_TES/7CL8_TES_protein.pdb	ok		3075	0	24	0	43	HEM	pdb2pqr_propka_ph7.4	openbabel_gasteiger_rigid	3709	296986	3.33	2026-09-22T14:49:51+08:00
posebusters	7C8Q_DSG	/home/qasim/vgb_bench_data/benchmarks/posebusters_benchmark_set/7C8Q_DSG/7C8Q_DSG_protein.pdb	ok		9936	0	28	0	0		pdb2pqr_propka_ph7.4	openbabel_gasteiger_rigid	6075	487064	7.0	2026-09-22T14:49:47+08:00
posebusters	7CUO_PHB	/home/qasim/vgb_bench_data/benchmarks/posebusters_benchmark_set/7CUO_PHB/7CUO_PHB_protein.pdb	ok		3659	0	40	0	0		pdb2pqr_propka_ph7.4	openbabel_gasteiger_rigid	4514	361652	4.13	2026-09-22T14:49:54+08:00
posebusters	7CNS_PMV	/home/qasim/vgb_bench_data/benchmarks/posebusters_benchmark_set/7CNS_PMV/7CNS_PMV_protein.pdb	ok		3944	0	0	0	7	F3S	pdb2pqr_propka_ph7.4	openbabel_gasteiger_rigid	4801	384612	4.78	2026-09-22T14:49:54+08:00
posebusters	7CTM_BDP	/home/qasim/vgb_bench_data/benchmarks/posebusters_benchmark_set/7CTM_BDP/7CTM_BDP_protein.pdb	ok		7494	0	12	0	44	NAI	pdb2pqr_propka_ph7.4	openbabel_gasteiger_rigid	4794	384052	4.53	2026-09-22T14:49:54+08:00
posebusters	7CIJ_G0C	/home/qasim/vgb_bench_data/benchmarks/posebusters_benchmark_set/7CIJ_G0C/7CIJ_G0C_protein.pdb	ok		8150	0	0	0	0		pdb2pqr_propka_ph7.4	openbabel_gasteiger_rigid	9859	789784	12.92	2026-09-22T14:49:50+08:00
posebusters	7DQL_4CL	/home/qasim/vgb_bench_data/benchmarks/posebusters_benchmark_set/7DQL_4CL/7DQL_4CL_protein.pdb	ok		2889	0	20	0	10	AX7	pdb2pqr_propka_ph7.4	openbabel_gasteiger_rigid	3548	285170	3.12	2026-09-22T14:50:03+08:00
posebusters	7DKT_GLF	/home/qasim/vgb_bench_data/benchmarks/posebusters_benchmark_set/7DKT_GLF/7DKT_GLF_protein.pdb	ok		6217	0	79	0	0		pdb2pqr_propka_ph7.4	openbabel_gasteiger_rigid	7601	608612	8.46	2026-09-22T14:49:59+08:00
posebusters	7D5C_GV6	/home/qasim/vgb_bench_data/benchmarks/posebusters_benchmark_set/7D5C_GV6/7D5C_GV6_protein.pdb	ok		7495	0	12	0	47	GVU	pdb2pqr_propka_ph7.4	openbabel_gasteiger_rigid	9162	733758	12.58	2026-09-22T14:49:58+08:00
posebusters	7DUA_HJ0	/home/qasim/vgb_bench_data/benchmarks/posebusters_benchmark_set/7DUA_HJ0/7DUA_HJ0_protein.pdb	ok		4503	0	0	0	0		pdb2pqr_propka_ph7.4	openbabel_gasteiger_rigid	5516	442876	5.47	2026-09-22T14:50:06+08:00
posebusters	7E4L_MDN	/home/qasim/vgb_bench_data/benchmarks/posebusters_benchmark_set/7E4L_MDN/7E4L_MDN_protein.pdb	ok		4266	0	2	0	0		pdb2pqr_propka_ph7.4	openbabel_gasteiger_rigid	5373	430904	5.29	2026-09-22T14:50:07+08:00
posebusters	7ED2_A3P	/home/qasim/vgb_bench_data/benchmarks/posebusters_benchmark_set/7ED2_A3P/7ED2_A3P_protein.pdb	ok		3386	0	4	0	0		pdb2pqr_propka_ph7.4	openbabel_gasteiger_rigid	4100	328532	3.83	2026-09-22T14:50:12+08:00
posebusters	7EBG_J0L	/home/qasim/vgb_bench_data/benchmarks/posebusters_benchmark_set/7EBG_J0L/7EBG_J0L_protein.pdb	ok		5514	0	16	0	27	ADP	pdb2pqr_propka_ph7.4	openbabel_gasteiger_rigid	6768	544366	7.66	2026-09-22T14:50:11+08:00
posebusters	7ELT_TYM	/home/qasim/vgb_bench_data/benchmarks/posebusters_benchmark_set/7ELT_TYM/7ELT_TYM_protein.pdb	ok		2516	0	0	0	0		pdb2pqr_propka_ph7.4	openbabel_gasteiger_rigid	3075	246266	2.54	2026-09-22T14:50:16+08:00
posebusters	7EPV_FDA	/home/qasim/vgb_bench_data/benchmarks/posebusters_benchmark_set/7EPV_FDA/7EPV_FDA_protein.pdb	ok		2914	0	18	0	0		pdb2pqr_propka_ph7.4	openbabel_gasteiger_rigid	3567	285892	2.9	2026-09-22T14:50:18+08:00
posebusters	7ES1_UDP	/home/qasim/vgb_bench_data/benchmarks/posebusters_benchmark_set/7ES1_UDP/7ES1_UDP_protein.pdb	ok		3156	0	0	0	34	JDF	pdb2pqr_propka_ph7.4	openbabel_gasteiger_rigid	3819	306318	3.1	2026-09-22T14:50:19+08:00
posebusters	7F5D_EUO	/home/qasim/vgb_bench_data/benchmarks/posebusters_benchmark_set/7F5D_EUO/7F5D_EUO_protein.pdb	ok		904	0	0	0	0		pdb2pqr_propka_ph7.4	openbabel_gasteiger_rigid	1099	88186	1.16	2026-09-22T14:50:22+08:00
posebusters	7F51_BA7	/home/qasim/vgb_bench_data/benchmarks/posebusters_benchmark_set/7F51_BA7/7F51_BA7_protein.pdb	ok		2280	0	1	0	0		pdb2pqr_propka_ph7.4	openbabel_gasteiger_rigid	2776	222346	2.5	2026-09-22T14:50:21+08:00
posebusters	7FB7_8NF	/home/qasim/vgb_bench_data/benchmarks/posebusters_benchmark_set/7FB7_8NF/7FB7_8NF_protein.pdb	ok		2513	0	49	0	0		pdb2pqr_propka_ph7.4	openbabel_gasteiger_rigid	3103	248772	2.55	2026-09-22T14:50:24+08:00
posebusters	7F8T_FAD	/home/qasim/vgb_bench_data/benchmarks/posebusters_benchmark_set/7F8T_FAD/7F8T_FAD_protein.pdb	ok		3677	0	57	0	0		pdb2pqr_propka_ph7.4	openbabel_gasteiger_rigid	4535	363332	4.08	2026-09-22T14:50:23+08:00
posebusters	7ECR_SIN	/home/qasim/vgb_bench_data/benchmarks/posebusters_benchmark_set/7ECR_SIN/7ECR_SIN_protein.pdb	ok		10521	0	120	0	120	A2R	pdb2pqr_propka_ph7.4	openbabel_gasteiger_rigid	12855	1029996	17.52	2026-09-22T14:50:11+08:00
posebusters	7CNQ_G8X	/home/qasim/vgb_bench_data/benchmarks/posebusters_benchmark_set/7CNQ_G8X/7CNQ_G8X_protein.pdb	ok		16412	0	0	0	16	FES	pdb2pqr_propka_ph7.4	openbabel_gasteiger_rigid	19944	1596584	37.48	2026-09-22T14:49:52+08:00
posebusters	7JG0_GAR	/home/qasim/vgb_bench_data/benchmarks/posebusters_benchmark_set/7JG0_GAR/7JG0_GAR_protein.pdb	ok		1535	0	0	0	0		pdb2pqr_propka_ph7.4	openbabel_gasteiger_rigid	1877	150692	1.86	2026-09-22T14:50:30+08:00
posebusters	7FHA_ADX	/home/qasim/vgb_bench_data/benchmarks/posebusters_benchmark_set/7FHA_ADX/7FHA_ADX_protein.pdb	ok		6308	0	12	0	24	BGC	pdb2pqr_propka_ph7.4	openbabel_gasteiger_rigid	7692	616424	9.3	2026-09-22T14:50:26+08:00
posebusters	7FT9_4MB	/home/qasim/vgb_bench_data/benchmarks/posebusters_benchmark_set/7FT9_4MB/7FT9_4MB_protein.pdb	ok		5944	0	43	0	0		pdb2pqr_propka_ph7.4	openbabel_gasteiger_rigid	7339	589514	7.51	2026-09-22T14:50:29+08:00
posebusters	7JMV_4NC	/home/qasim/vgb_bench_data/benchmarks/posebusters_benchmark_set/7JMV_4NC/7JMV_4NC_protein.pdb	ok		3537	0	3	0	0		pdb2pqr_propka_ph7.4	openbabel_gasteiger_rigid	2207	177092	1.97	2026-09-22T14:50:36+08:00
posebusters	7JXX_VP7	/home/qasim/vgb_bench_data/benchmarks/posebusters_benchmark_set/7JXX_VP7/7JXX_VP7_protein.pdb	ok		2322	0	3	0	0		pdb2pqr_propka_ph7.4	openbabel_gasteiger_rigid	2920	234398	2.3	2026-09-22T14:50:37+08:00
posebusters	7B2C_TP7	/home/qasim/vgb_bench_data/benchmarks/posebusters_benchmark_set/7B2C_TP7/7B2C_TP7_protein.pdb	ok		20701	0	72	0	180	COM,USN,UWT,XE	pdb2pqr_propka_ph7.4	openbabel_gasteiger_rigid	25262	2028940	62.88	2026-09-22T14:49:40+08:00
posebusters	7JHQ_VAJ	/home/qasim/vgb_bench_data/benchmarks/posebusters_benchmark_set/7JHQ_VAJ/7JHQ_VAJ_protein.pdb	ok		7880	0	36	0	0		pdb2pqr_propka_ph7.4	openbabel_gasteiger_rigid	9704	777384	11.12	2026-09-22T14:50:32+08:00
posebusters	7JY3_VUD	/home/qasim/vgb_bench_data/benchmarks/posebusters_benchmark_set/7JY3_VUD/7JY3_VUD_protein.pdb	ok		4654	0	0	0	270	HEM,O4B,OXY	pdb2pqr_propka_ph7.4	openbabel_gasteiger_rigid	5585	449194	5.39	2026-09-22T14:50:38+08:00
posebusters	7KM8_WPD	/home/qasim/vgb_bench_data/benchmarks/posebusters_benchmark_set/7KM8_WPD/7KM8_WPD_protein.pdb	ok		2524	0	4	0	96	NAP	pdb2pqr_propka_ph7.4	openbabel_gasteiger_rigid	3094	249116	2.54	2026-09-22T14:50:43+08:00
posebusters	7KC5_BJZ	/home/qasim/vgb_bench_data/benchmarks/posebusters_benchmark_set/7KC5_BJZ/7KC5_BJZ_protein.pdb	ok		5840	0	2	0	0		pdb2pqr_propka_ph7.4	openbabel_gasteiger_rigid	3570	286132	2.97	2026-09-22T14:50:43+08:00
posebusters	7KQU_YOF	/home/qasim/vgb_bench_data/benchmarks/posebusters_benchmark_set/7KQU_YOF/7KQU_YOF_protein.pdb	ok		4755	0	22	0	90	HEM,PEO	pdb2pqr_propka_ph7.4	openbabel_gasteiger_rigid	5760	461598	5.26	2026-09-22T14:50:46+08:00
posebusters	7K0V_VQP	/home/qasim/vgb_bench_data/benchmarks/posebusters_benchmark_set/7K0V_VQP/7K0V_VQP_protein.pdb	ok		8508	0	2	0	0		pdb2pqr_propka_ph7.4	openbabel_gasteiger_rigid	10521	844606	12.98	2026-09-22T14:50:39+08:00
posebusters	7D6O_MTE	/home/qasim/vgb_bench_data/benchmarks/posebusters_benchmark_set/7D6O_MTE/7D6O_MTE_protein.pdb	ok		20121	0	10	0	141	141,FAD,FES,MOS	pdb2pqr_propka_ph7.4	openbabel_gasteiger_rigid	24581	1969938	55.86	2026-09-22T14:49:58+08:00
posebusters	7KRU_ATP	/home/qasim/vgb_bench_data/benchmarks/posebusters_benchmark_set/7KRU_ATP/7KRU_ATP_protein.pdb	ok		16511	0	61	0	26	PDO	pdb2pqr_propka_ph7.4	openbabel_gasteiger_rigid	10079	807916	12.37	2026-09-22T14:50:46+08:00
posebusters	7L03_F9F	/home/qasim/vgb_bench_data/benchmarks/posebusters_benchmark_set/7L03_F9F/7L03_F9F_protein.pdb	ok		4979	0	39	0	21	0JO	pdb2pqr_propka_ph7.4	openbabel_gasteiger_rigid	6111	489678	5.79	2026-09-22T14:50:54+08:00
posebusters	7L5F_XNG	/home/qasim/vgb_bench_data/benchmarks/posebusters_benchmark_set/7L5F_XNG/7L5F_XNG_protein.pdb	ok		1989	0	8	0	0		pdb2pqr_propka_ph7.4	openbabel_gasteiger_rigid	2388	191572	3.09	2026-09-22T14:50:58+08:00
posebusters	7KZ9_XN7	/home/qasim/vgb_bench_data/benchmarks/posebusters_benchmark_set/7KZ9_XN7/7KZ9_XN7_protein.pdb	ok		7546	0	63	0	0		pdb2pqr_propka_ph7.4	openbabel_gasteiger_rigid	9271	742212	11.04	2026-09-22T14:50:51+08:00
posebusters	7L7C_XQ1	/home/qasim/vgb_bench_data/benchmarks/posebusters_benchmark_set/7L7C_XQ1/7L7C_XQ1_protein.pdb	ok		2892	0	1	0	0		pdb2pqr_propka_ph7.4	openbabel_gasteiger_rigid	3595	288132	3.14	2026-09-22T14:51:00+08:00
posebusters	7LCU_XTA	/home/qasim/vgb_bench_data/benchmarks/posebusters_benchmark_set/7LCU_XTA/7LCU_XTA_protein.pdb	ok		3568	0	24	0	0		pdb2pqr_propka_ph7.4	openbabel_gasteiger_rigid	4416	353546	4.74	2026-09-22T14:51:01+08:00
posebusters	7L00_XCJ	/home/qasim/vgb_bench_data/benchmarks/posebusters_benchmark_set/7L00_XCJ/7L00_XCJ_protein.pdb	ok		9308	0	20	0	124	FMN	pdb2pqr_propka_ph7.4	openbabel_gasteiger_rigid	11380	912528	14.41	2026-09-22T14:50:52+08:00
posebusters	7LEV_0JO	/home/qasim/vgb_bench_data/benchmarks/posebusters_benchmark_set/7LEV_0JO/7LEV_0JO_protein.pdb	ok		4598	0	50	0	0		pdb2pqr_propka_ph7.4	openbabel_gasteiger_rigid	5764	462450	5.46	2026-09-22T14:51:02+08:00
posebusters	7LOE_Y84	/home/qasim/vgb_bench_data/benchmarks/posebusters_benchmark_set/7LOE_Y84/7LOE_Y84_protein.pdb	ok		1295	0	12	0	0		pdb2pqr_propka_ph7.4	openbabel_gasteiger_rigid	1627	130426	1.31	2026-09-22T14:51:06+08:00
posebusters	7LT0_ONJ	/home/qasim/vgb_bench_data/benchmarks/posebusters_benchmark_set/7LT0_ONJ/7LT0_ONJ_protein.pdb	ok		1635	0	0	0	0		pdb2pqr_propka_ph7.4	openbabel_gasteiger_rigid	1998	160106	1.81	2026-09-22T14:51:08+08:00
posebusters	7LMO_NYO	/home/qasim/vgb_bench_data/benchmarks/posebusters_benchmark_set/7LMO_NYO/7LMO_NYO_protein.pdb	ok		3260	0	10	0	0		pdb2pqr_propka_ph7.4	openbabel_gasteiger_rigid	4018	321706	3.84	2026-09-22T14:51:06+08:00
posebusters	7LZD_YHY	/home/qasim/vgb_bench_data/benchmarks/posebusters_benchmark_set/7LZD_YHY/7LZD_YHY_protein.pdb	ok		1939	0	43	0	27	SAM	pdb2pqr_propka_ph7.4	openbabel_gasteiger_rigid	2413	193838	2.32	2026-09-22T14:51:09+08:00
posebusters	7KB1_WBJ	/home/qasim/vgb_bench_data/benchmarks/posebusters_benchmark_set/7KB1_WBJ/7KB1_WBJ_protein.pdb	ok		12963	0	10	0	16	PLP	pdb2pqr_propka_ph7.4	openbabel_gasteiger_rigid	16085	1288130	30.28	2026-09-22T14:50:42+08:00
posebusters	7M6K_YRJ	/home/qasim/vgb_bench_data/benchmarks/posebusters_benchmark_set/7M6K_YRJ/7M6K_YRJ_protein.pdb	ok		9444	0	2	0	0		pdb2pqr_propka_ph7.4	openbabel_gasteiger_rigid	5832	467092	5.41	2026-09-22T14:51:13+08:00
posebusters	7M3H_YPV	/home/qasim/vgb_bench_data/benchmarks/posebusters_benchmark_set/7M3H_YPV/7M3H_YPV_protein.pdb	ok		12517	0	16	0	0		pdb2pqr_propka_ph7.4	openbabel_gasteiger_rigid	7664	613652	7.51	2026-09-22T14:51:12+08:00
posebusters	7MGT_ZD4	/home/qasim/vgb_bench_data/benchmarks/posebusters_benchmark_set/7MGT_ZD4/7MGT_ZD4_protein.pdb	ok		4898	0	6	0	0		pdb2pqr_propka_ph7.4	openbabel_gasteiger_rigid	2989	240184	2.32	2026-09-22T14:51:19+08:00
posebusters	7LJN_GTP	/home/qasim/vgb_bench_data/benchmarks/posebusters_benchmark_set/7LJN_GTP/7LJN_GTP_protein.pdb	ok		10660	0	4	0	0		pdb2pqr_propka_ph7.4	openbabel_gasteiger_rigid	13073	1049032	18.72	2026-09-22T14:51:03+08:00
posebusters	7LOU_IFM	/home/qasim/vgb_bench_data/benchmarks/posebusters_benchmark_set/7LOU_IFM/7LOU_IFM_protein.pdb	ok		8901	0	78	0	0		pdb2pqr_propka_ph7.4	openbabel_gasteiger_rigid	10931	875544	14.96	2026-09-22T14:51:07+08:00
posebusters	7MMH_ZJY	/home/qasim/vgb_bench_data/benchmarks/posebusters_benchmark_set/7MMH_ZJY/7MMH_ZJY_protein.pdb	ok		2531	0	61	0	0		pdb2pqr_propka_ph7.4	openbabel_gasteiger_rigid	1846	147946	1.77	2026-09-22T14:51:22+08:00
posebusters	7MOI_HPS	/home/qasim/vgb_bench_data/benchmarks/posebusters_benchmark_set/7MOI_HPS/7MOI_HPS_protein.pdb	ok		2508	0	0	0	0		pdb2pqr_propka_ph7.4	openbabel_gasteiger_rigid	3078	246772	2.64	2026-09-22T14:51:22+08:00
posebusters	7MWN_WI5	/home/qasim/vgb_bench_data/benchmarks/posebusters_benchmark_set/7MWN_WI5/7MWN_WI5_protein.pdb	ok		3685	0	31	0	0		pdb2pqr_propka_ph7.4	openbabel_gasteiger_rigid	4531	363810	4.32	2026-09-22T14:51:25+08:00
posebusters	7MSR_DCA	/home/qasim/vgb_bench_data/benchmarks/posebusters_benchmark_set/7MSR_DCA/7MSR_DCA_protein.pdb	ok		10592	0	65	0	12	ZNS	pdb2pqr_propka_ph7.4	openbabel_gasteiger_rigid	6436	515678	6.37	2026-09-22T14:51:24+08:00
posebusters	7MY1_IPE	/home/qasim/vgb_bench_data/benchmarks/posebusters_benchmark_set/7MY1_IPE/7MY1_IPE_protein.pdb	ok		2097	0	5	0	0		pdb2pqr_propka_ph7.4	openbabel_gasteiger_rigid	2550	204798	2.09	2026-09-22T14:51:30+08:00
posebusters	7MWU_ZPM	/home/qasim/vgb_bench_data/benchmarks/posebusters_benchmark_set/7MWU_ZPM/7MWU_ZPM_protein.pdb	ok		3785	0	26	0	53	FAD	pdb2pqr_propka_ph7.4	openbabel_gasteiger_rigid	4862	390024	4.89	2026-09-22T14:51:29+08:00
posebusters	7N03_ZRP	/home/qasim/vgb_bench_data/benchmarks/posebusters_benchmark_set/7N03_ZRP/7N03_ZRP_protein.pdb	ok		1254	0	10	0	0		pdb2pqr_propka_ph7.4	openbabel_gasteiger_rigid	1522	122026	1.35	2026-09-22T14:51:34+08:00
posebusters	7MYU_ZR7	/home/qasim/vgb_bench_data/benchmarks/posebusters_benchmark_set/7MYU_ZR7/7MYU_ZR7_protein.pdb	ok		6067	0	5	0	0		pdb2pqr_propka_ph7.4	openbabel_gasteiger_rigid	7425	594532	7.12	2026-09-22T14:51:32+08:00
posebusters	7N4N_0BK	/home/qasim/vgb_bench_data/benchmarks/posebusters_benchmark_set/7N4N_0BK/7N4N_0BK_protein.pdb	ok		7245	0	34	0	0		pdb2pqr_propka_ph7.4	openbabel_gasteiger_rigid	4474	358718	4.05	2026-09-22T14:51:35+08:00
posebusters	7MFP_Z7P	/home/qasim/vgb_bench_data/benchmarks/posebusters_benchmark_set/7MFP_Z7P/7MFP_Z7P_protein.pdb	ok		11213	0	34	0	0		pdb2pqr_propka_ph7.4	openbabel_gasteiger_rigid	13758	1101704	21.57	2026-09-22T14:51:18+08:00
posebusters	7MGY_ZD1	/home/qasim/vgb_bench_data/benchmarks/posebusters_benchmark_set/7MGY_ZD1/7MGY_ZD1_protein.pdb	ok		10211	0	47	0	0		pdb2pqr_propka_ph7.4	openbabel_gasteiger_rigid	12537	1003492	19.12	2026-09-22T14:51:21+08:00
posebusters	7N4W_P4V	/home/qasim/vgb_bench_data/benchmarks/posebusters_benchmark_set/7N4W_P4V/7N4W_P4V_protein.pdb	ok		1461	0	11	0	0		pdb2pqr_propka_ph7.4	openbabel_gasteiger_rigid	1801	144346	1.85	2026-09-22T14:51:39+08:00
posebusters	7N7H_CTP	/home/qasim/vgb_bench_data/benchmarks/posebusters_benchmark_set/7N7H_CTP/7N7H_CTP_protein.pdb	ok		2351	0	1	0	35	SAM,SF4	pdb2pqr_propka_ph7.4	openbabel_gasteiger_rigid	2886	231146	2.88	2026-09-22T14:51:41+08:00
posebusters	7N6F_0I1	/home/qasim/vgb_bench_data/benchmarks/posebusters_benchmark_set/7N6F_0I1/7N6F_0I1_protein.pdb	ok		3551	0	40	0	43	HEM	pdb2pqr_propka_ph7.4	openbabel_gasteiger_rigid	4371	351010	4.2	2026-09-22T14:51:40+08:00
posebusters	7N7B_T3F	/home/qasim/vgb_bench_data/benchmarks/posebusters_benchmark_set/7N7B_T3F/7N7B_T3F_protein.pdb	ok		4548	0	32	0	68	FON	pdb2pqr_propka_ph7.4	openbabel_gasteiger_rigid	5566	446344	5.42	2026-09-22T14:51:40+08:00
posebusters	7NGW_UAW	/home/qasim/vgb_bench_data/benchmarks/posebusters_benchmark_set/7NGW_UAW/7NGW_UAW_protein.pdb	ok		1502	0	20	0	0		pdb2pqr_propka_ph7.4	openbabel_gasteiger_rigid	1827	146426	1.44	2026-09-22T14:51:45+08:00
posebusters	7NF3_4LU	/home/qasim/vgb_bench_data/benchmarks/posebusters_benchmark_set/7NF3_4LU/7NF3_4LU_protein.pdb	ok		3867	0	3	0	0		pdb2pqr_propka_ph7.4	openbabel_gasteiger_rigid	4701	376612	4.83	2026-09-22T14:51:43+08:00
posebusters	7NP6_UK8	/home/qasim/vgb_bench_data/benchmarks/posebusters_benchmark_set/7NP6_UK8/7NP6_UK8_protein.pdb	ok		1943	0	0	0	0		pdb2pqr_propka_ph7.4	openbabel_gasteiger_rigid	2443	195706	2.48	2026-09-22T14:51:48+08:00
posebusters	7NFB_GEN	/home/qasim/vgb_bench_data/benchmarks/posebusters_benchmark_set/7NFB_GEN/7NFB_GEN_protein.pdb	ok		8321	0	168	0	3	ACE	obabel_ph7.4_fallback	openbabel_gasteiger_rigid	5006	402485	7.71	2026-09-22T14:51:44+08:00
posebusters	7NLV_UJE	/home/qasim/vgb_bench_data/benchmarks/posebusters_benchmark_set/7NLV_UJE/7NLV_UJE_protein.pdb	ok		3537	0	0	0	0		pdb2pqr_propka_ph7.4	openbabel_gasteiger_rigid	4384	351784	4.88	2026-09-22T14:51:47+08:00
posebusters	7NF0_BYN	/home/qasim/vgb_bench_data/benchmarks/posebusters_benchmark_set/7NF0_BYN/7NF0_BYN_protein.pdb	ok		7644	0	14	0	0		pdb2pqr_propka_ph7.4	openbabel_gasteiger_rigid	9283	743172	11.71	2026-09-22T14:51:41+08:00
posebusters	7NPL_UKZ	/home/qasim/vgb_bench_data/benchmarks/posebusters_benchmark_set/7NPL_UKZ/7NPL_UKZ_protein.pdb	ok		2847	0	6	0	0		pdb2pqr_propka_ph7.4	openbabel_gasteiger_rigid	3456	277012	3.11	2026-09-22T14:51:51+08:00
posebusters	7NR8_UOE	/home/qasim/vgb_bench_data/benchmarks/posebusters_benchmark_set/7NR8_UOE/7NR8_UOE_protein.pdb	ok		2834	0	31	1	0		pdb2pqr_propka_ph7.4	openbabel_gasteiger_rigid	3453	276506	3.34	2026-09-22T14:51:51+08:00
posebusters	7FRX_O88	/home/qasim/vgb_bench_data/benchmarks/posebusters_benchmark_set/7FRX_O88/7FRX_O88_protein.pdb	ok		26003	0	64	0	160	FBP	pdb2pqr_propka_ph7.4	openbabel_gasteiger_rigid	31903	2557826	89.67	2026-09-22T14:50:27+08:00
posebusters	7NSW_HC4	/home/qasim/vgb_bench_data/benchmarks/posebusters_benchmark_set/7NSW_HC4/7NSW_HC4_protein.pdb	ok		5101	0	7	0	0		pdb2pqr_propka_ph7.4	openbabel_gasteiger_rigid	6159	493252	8.62	2026-09-22T14:51:51+08:00
posebusters	7O0N_CDP	/home/qasim/vgb_bench_data/benchmarks/posebusters_benchmark_set/7O0N_CDP/7O0N_CDP_protein.pdb	ok		3062	0	21	0	10	TS6	pdb2pqr_propka_ph7.4	openbabel_gasteiger_rigid	3812	306024	4.02	2026-09-22T14:51:57+08:00
posebusters	7NXO_UU8	/home/qasim/vgb_bench_data/benchmarks/posebusters_benchmark_set/7NXO_UU8/7NXO_UU8_protein.pdb	ok		5768	0	7	0	30	PLP	pdb2pqr_propka_ph7.4	openbabel_gasteiger_rigid	6979	559384	7.92	2026-09-22T14:51:55+08:00
posebusters	7NUT_GLP	/home/qasim/vgb_bench_data/benchmarks/posebusters_benchmark_set/7NUT_GLP/7NUT_GLP_protein.pdb	ok		11962	0	2	0	0		pdb2pqr_propka_ph7.4	openbabel_gasteiger_rigid	7333	587172	9.66	2026-09-22T14:51:54+08:00
posebusters	7ODY_DGI	/home/qasim/vgb_bench_data/benchmarks/posebusters_benchmark_set/7ODY_DGI/7ODY_DGI_protein.pdb	ok		5884	0	52	0	0		pdb2pqr_propka_ph7.4	openbabel_gasteiger_rigid	3539	284982	2.98	2026-09-22T14:52:01+08:00
posebusters	7OEO_V9Z	/home/qasim/vgb_bench_data/benchmarks/posebusters_benchmark_set/7OEO_V9Z/7OEO_V9Z_protein.pdb	ok		905	0	0	0	0		pdb2pqr_propka_ph7.4	openbabel_gasteiger_rigid	1105	88666	1.33	2026-09-22T14:52:03+08:00
posebusters	7O1T_5X8	/home/qasim/vgb_bench_data/benchmarks/posebusters_benchmark_set/7O1T_5X8/7O1T_5X8_protein.pdb	ok		2872	0	2	0	39	CPS,CYN,PYR,SF4	pdb2pqr_propka_ph7.4	openbabel_gasteiger_rigid	3570	287196	4.42	2026-09-22T14:52:00+08:00
posebusters	7NU0_DCL	/home/qasim/vgb_bench_data/benchmarks/posebusters_benchmark_set/7NU0_DCL/7NU0_DCL_protein.pdb	ok		6716	0	11	0	31	ATP	pdb2pqr_propka_ph7.4	openbabel_gasteiger_rigid	8360	669598	11.86	2026-09-22T14:51:53+08:00
posebusters	7OFK_VCH	/home/qasim/vgb_bench_data/benchmarks/posebusters_benchmark_set/7OFK_VCH/7OFK_VCH_protein.pdb	ok		2159	0	9	0	0		pdb2pqr_propka_ph7.4	openbabel_gasteiger_rigid	2663	213572	2.61	2026-09-22T14:52:04+08:00
posebusters	7OFF_VCB	/home/qasim/vgb_bench_data/benchmarks/posebusters_benchmark_set/7OFF_VCB/7OFF_VCB_protein.pdb	ok		4360	0	88	0	0		pdb2pqr_propka_ph7.4	openbabel_gasteiger_rigid	2749	220186	2.72	2026-09-22T14:52:04+08:00
posebusters	7OMX_CNA	/home/qasim/vgb_bench_data/benchmarks/posebusters_benchmark_set/7OMX_CNA/7OMX_CNA_protein.pdb	ok		1607	0	3	0	0		pdb2pqr_propka_ph7.4	openbabel_gasteiger_rigid	1948	156372	1.79	2026-09-22T14:52:05+08:00
posebusters	7OLI_8HG	/home/qasim/vgb_bench_data/benchmarks/posebusters_benchmark_set/7OLI_8HG/7OLI_8HG_protein.pdb	ok		3853	0	20	0	0		pdb2pqr_propka_ph7.4	openbabel_gasteiger_rigid	4843	388238	4.56	2026-09-22T14:52:04+08:00
posebusters	7OSO_0V1	/home/qasim/vgb_bench_data/benchmarks/posebusters_benchmark_set/7OSO_0V1/7OSO_0V1_protein.pdb	ok		3206	0	3	0	0		pdb2pqr_propka_ph7.4	openbabel_gasteiger_rigid	3946	315946	4.02	2026-09-22T14:52:06+08:00
posebusters	7OZC_G6S	/home/qasim/vgb_bench_data/benchmarks/posebusters_benchmark_set/7OZC_G6S/7OZC_G6S_protein.pdb	ok		3731	0	1	0	0		pdb2pqr_propka_ph7.4	openbabel_gasteiger_rigid	4599	368186	5.1	2026-09-22T14:52:09+08:00
posebusters	7P1M_4IU	/home/qasim/vgb_bench_data/benchmarks/posebusters_benchmark_set/7P1M_4IU/7P1M_4IU_protein.pdb	ok		2386	0	1	0	0		pdb2pqr_propka_ph7.4	openbabel_gasteiger_rigid	2924	234452	2.71	2026-09-22T14:52:14+08:00
posebusters	7OZ9_NGK	/home/qasim/vgb_bench_data/benchmarks/posebusters_benchmark_set/7OZ9_NGK/7OZ9_NGK_protein.pdb	ok		7540	0	2	0	0		pdb2pqr_propka_ph7.4	openbabel_gasteiger_rigid	9351	749144	12.96	2026-09-22T14:52:06+08:00
posebusters	7P1F_KFN	/home/qasim/vgb_bench_data/benchmarks/posebusters_benchmark_set/7P1F_KFN/7P1F_KFN_protein.pdb	ok		5906	0	26	0	0		pdb2pqr_propka_ph7.4	openbabel_gasteiger_rigid	7323	586372	9.34	2026-09-22T14:52:10+08:00
posebusters	7P2I_MFU	/home/qasim/vgb_bench_data/benchmarks/posebusters_benchmark_set/7P2I_MFU/7P2I_MFU_protein.pdb	ok		2249	0	0	0	168	QQ7	pdb2pqr_propka_ph7.4	openbabel_gasteiger_rigid	2712	219088	4.58	2026-09-22T14:52:16+08:00
posebusters	7OPG_06N	/home/qasim/vgb_bench_data/benchmarks/posebusters_benchmark_set/7OPG_06N/7OPG_06N_protein.pdb	ok		8280	0	85	0	0		pdb2pqr_propka_ph7.4	openbabel_gasteiger_rigid	10164	813918	15.8	2026-09-22T14:52:06+08:00
posebusters	7PGX_FMN	/home/qasim/vgb_bench_data/benchmarks/posebusters_benchmark_set/7PGX_FMN/7PGX_FMN_protein.pdb	ok		1186	0	86	0	0		pdb2pqr_propka_ph7.4	openbabel_gasteiger_rigid	1463	117306	1.48	2026-09-22T14:52:21+08:00
posebusters	7P5T_5YG	/home/qasim/vgb_bench_data/benchmarks/posebusters_benchmark_set/7P5T_5YG/7P5T_5YG_protein.pdb	ok		3134	0	5	0	43	HEM	pdb2pqr_propka_ph7.4	openbabel_gasteiger_rigid	3822	306026	3.58	2026-09-22T14:52:20+08:00
posebusters	7PJQ_OWH	/home/qasim/vgb_bench_data/benchmarks/posebusters_benchmark_set/7PJQ_OWH/7PJQ_OWH_protein.pdb	ok		2565	0	47	0	0		pdb2pqr_propka_ph7.4	openbabel_gasteiger_rigid	3227	258692	3.08	2026-09-22T14:52:22+08:00
posebusters	7PK0_BYC	/home/qasim/vgb_bench_data/benchmarks/posebusters_benchmark_set/7PK0_BYC/7PK0_BYC_protein.pdb	ok		2294	0	4	0	0		pdb2pqr_propka_ph7.4	openbabel_gasteiger_rigid	2806	225012	2.58	2026-09-22T14:52:23+08:00
posebusters	7PIH_7QW	/home/qasim/vgb_bench_data/benchmarks/posebusters_benchmark_set/7PIH_7QW/7PIH_7QW_protein.pdb	ok		5747	0	23	0	0		pdb2pqr_propka_ph7.4	openbabel_gasteiger_rigid	3735	299864	4.02	2026-09-22T14:52:22+08:00
posebusters	7PL1_SFG	/home/qasim/vgb_bench_data/benchmarks/posebusters_benchmark_set/7PL1_SFG/7PL1_SFG_protein.pdb	ok		1629	0	37	0	0		pdb2pqr_propka_ph7.4	openbabel_gasteiger_rigid	2047	164558	2.01	2026-09-22T14:52:26+08:00
posebusters	7P4C_5OV	/home/qasim/vgb_bench_data/benchmarks/posebusters_benchmark_set/7P4C_5OV/7P4C_5OV_protein.pdb	ok		12326	0	85	0	0		pdb2pqr_propka_ph7.4	openbabel_gasteiger_rigid	7608	609438	9.94	2026-09-22T14:52:19+08:00
posebusters	7PRM_81I	/home/qasim/vgb_bench_data/benchmarks/posebusters_benchmark_set/7PRM_81I/7PRM_81I_protein.pdb	ok		2283	0	8	0	0		pdb2pqr_propka_ph7.4	openbabel_gasteiger_rigid	2770	221866	2.71	2026-09-22T14:52:28+08:00
posebusters	7PRI_7TI	/home/qasim/vgb_bench_data/benchmarks/posebusters_benchmark_set/7PRI_7TI/7PRI_7TI_protein.pdb	ok		4564	0	8	0	70	NAG	pdb2pqr_propka_ph7.4	openbabel_gasteiger_rigid	5574	447782	6.22	2026-09-22T14:52:26+08:00
posebusters	7POM_7VZ	/home/qasim/vgb_bench_data/benchmarks/posebusters_benchmark_set/7POM_7VZ/7POM_7VZ_protein.pdb	ok		7634	0	4	0	0		pdb2pqr_propka_ph7.4	openbabel_gasteiger_rigid	9290	746126	10.87	2026-09-22T14:52:26+08:00
posebusters	7Q27_8KC	/home/qasim/vgb_bench_data/benchmarks/posebusters_benchmark_set/7Q27_8KC/7Q27_8KC_protein.pdb	ok		9541	0	54	0	153	BMA,BO3,FUC,NAG	pdb2pqr_propka_ph7.4	openbabel_gasteiger_rigid	5915	475328	7.46	2026-09-22T14:52:37+08:00
posebusters	7PT3_3KK	/home/qasim/vgb_bench_data/benchmarks/posebusters_benchmark_set/7PT3_3KK/7PT3_3KK_protein.pdb	ok		17193	0	3	0	52	TPW	pdb2pqr_propka_ph7.4	openbabel_gasteiger_rigid	10580	847464	16.86	2026-09-22T14:52:29+08:00
posebusters	7PUV_84Z	/home/qasim/vgb_bench_data/benchmarks/posebusters_benchmark_set/7PUV_84Z/7PUV_84Z_protein.pdb	ok		8336	0	39	0	0		pdb2pqr_propka_ph7.4	openbabel_gasteiger_rigid	10178	815304	15.91	2026-09-22T14:52:30+08:00
posebusters	7Q2B_M6H	/home/qasim/vgb_bench_data/benchmarks/posebusters_benchmark_set/7Q2B_M6H/7Q2B_M6H_protein.pdb	ok		2279	0	14	0	0		pdb2pqr_propka_ph7.4	openbabel_gasteiger_rigid	2786	223146	3.3	2026-09-22T14:52:44+08:00
posebusters	7QF4_RBF	/home/qasim/vgb_bench_data/benchmarks/posebusters_benchmark_set/7QF4_RBF/7QF4_RBF_protein.pdb	ok		942	0	2	0	0		pdb2pqr_propka_ph7.4	openbabel_gasteiger_rigid	1156	92746	1.32	2026-09-22T14:52:47+08:00
posebusters	7QFM_AY3	/home/qasim/vgb_bench_data/benchmarks/posebusters_benchmark_set/7QFM_AY3/7QFM_AY3_protein.pdb	ok		2196	0	6	0	0		obabel_ph7.4_fallback	openbabel_gasteiger_rigid	2666	214483	1.99	2026-09-22T14:52:49+08:00
posebusters	7Q25_8J9	/home/qasim/vgb_bench_data/benchmarks/posebusters_benchmark_set/7Q25_8J9/7Q25_8J9_protein.pdb	ok		19768	0	165	2	382	BMA,FUC,NAG,P33	pdb2pqr_propka_ph7.4	openbabel_gasteiger_rigid	12308	987034	19.99	2026-09-22T14:52:32+08:00
posebusters	7QGP_DJ8	/home/qasim/vgb_bench_data/benchmarks/posebusters_benchmark_set/7QGP_DJ8/7QGP_DJ8_protein.pdb	ok		2186	0	5	0	0		pdb2pqr_propka_ph7.4	openbabel_gasteiger_rigid	2758	221172	2.56	2026-09-22T14:52:51+08:00
posebusters	7QE4_NGA	/home/qasim/vgb_bench_data/benchmarks/posebusters_benchmark_set/7QE4_NGA/7QE4_NGA_protein.pdb	ok		10075	0	3	0	150	A2G	pdb2pqr_propka_ph7.4	openbabel_gasteiger_rigid	6315	515042	8.04	2026-09-22T14:52:46+08:00
posebusters	7QPP_VDX	/home/qasim/vgb_bench_data/benchmarks/posebusters_benchmark_set/7QPP_VDX/7QPP_VDX_protein.pdb	ok		4069	0	5	0	0		pdb2pqr_propka_ph7.4	openbabel_gasteiger_rigid	2477	198426	2.35	2026-09-22T14:52:54+08:00
posebusters	7Q5I_I0F	/home/qasim/vgb_bench_data/benchmarks/posebusters_benchmark_set/7Q5I_I0F/7Q5I_I0F_protein.pdb	ok		13135	0	22	0	0		pdb2pqr_propka_ph7.4	openbabel_gasteiger_rigid	8075	646798	10.79	2026-09-22T14:52:46+08:00
posebusters	7QHG_T3B	/home/qasim/vgb_bench_data/benchmarks/posebusters_benchmark_set/7QHG_T3B/7QHG_T3B_protein.pdb	ok		4393	0	20	0	0		pdb2pqr_propka_ph7.4	openbabel_gasteiger_rigid	5452	437224	5.69	2026-09-22T14:52:52+08:00
posebusters	7R59_I5F	/home/qasim/vgb_bench_data/benchmarks/posebusters_benchmark_set/7R59_I5F/7R59_I5F_protein.pdb	ok		2757	0	6	0	0		pdb2pqr_propka_ph7.4	openbabel_gasteiger_rigid	3374	270186	3.52	2026-09-22T14:52:58+08:00
posebusters	7QTA_URI	/home/qasim/vgb_bench_data/benchmarks/posebusters_benchmark_set/7QTA_URI/7QTA_URI_protein.pdb	ok		4131	0	45	0	56	NAG	pdb2pqr_propka_ph7.4	openbabel_gasteiger_rigid	4985	399864	5.86	2026-09-22T14:52:57+08:00
posebusters	7R3D_APR	/home/qasim/vgb_bench_data/benchmarks/posebusters_benchmark_set/7R3D_APR/7R3D_APR_protein.pdb	ok		11412	0	2	0	0		pdb2pqr_propka_ph7.4	openbabel_gasteiger_rigid	6911	553412	7.94	2026-09-22T14:52:57+08:00
posebusters	7R7R_AWJ	/home/qasim/vgb_bench_data/benchmarks/posebusters_benchmark_set/7R7R_AWJ/7R7R_AWJ_protein.pdb	ok		2276	0	0	0	0		pdb2pqr_propka_ph7.4	openbabel_gasteiger_rigid	2783	223704	2.49	2026-09-22T14:53:02+08:00
posebusters	7QHL_D5P	/home/qasim/vgb_bench_data/benchmarks/posebusters_benchmark_set/7QHL_D5P/7QHL_D5P_protein.pdb	ok		8779	0	57	0	18	SGM	pdb2pqr_propka_ph7.4	openbabel_gasteiger_rigid	10643	855430	14.6	2026-09-22T14:52:53+08:00
posebusters	7RC3_SAH	/home/qasim/vgb_bench_data/benchmarks/posebusters_benchmark_set/7RC3_SAH/7RC3_SAH_protein.pdb	ok		2874	0	45	0	0		pdb2pqr_propka_ph7.4	openbabel_gasteiger_rigid	3538	283572	3.59	2026-09-22T14:53:05+08:00
posebusters	7RH3_59O	/home/qasim/vgb_bench_data/benchmarks/posebusters_benchmark_set/7RH3_59O/7RH3_59O_protein.pdb	ok		1109	0	1	0	0		pdb2pqr_propka_ph7.4	openbabel_gasteiger_rigid	1365	109466	1.37	2026-09-22T14:53:08+08:00
posebusters	7R9N_F97	/home/qasim/vgb_bench_data/benchmarks/posebusters_benchmark_set/7R9N_F97/7R9N_F97_protein.pdb	ok		4557	0	16	0	0		pdb2pqr_propka_ph7.4	openbabel_gasteiger_rigid	5579	447118	5.83	2026-09-22T14:53:05+08:00
posebusters	7RKW_5TV	/home/qasim/vgb_bench_data/benchmarks/posebusters_benchmark_set/7RKW_5TV/7RKW_5TV_protein.pdb	ok		3643	0	6	0	43	HEM	pdb2pqr_propka_ph7.4	openbabel_gasteiger_rigid	4480	358932	5.22	2026-09-22T14:53:09+08:00
posebusters	7ROU_66I	/home/qasim/vgb_bench_data/benchmarks/posebusters_benchmark_set/7ROU_66I/7ROU_66I_protein.pdb	ok		2677	0	35	0	0		pdb2pqr_propka_ph7.4	openbabel_gasteiger_rigid	3254	260852	3.1	2026-09-22T14:53:14+08:00
posebusters	7OP9_06K	/home/qasim/vgb_bench_data/benchmarks/posebusters_benchmark_set/7OP9_06K/7OP9_06K_protein.pdb	ok		21660	0	77	0	0		pdb2pqr_propka_ph7.4	openbabel_gasteiger_rigid	26484	2121912	73.68	2026-09-22T14:52:05+08:00
posebusters	7ROR_69X	/home/qasim/vgb_bench_data/benchmarks/posebusters_benchmark_set/7ROR_69X/7ROR_69X_protein.pdb	ok		5851	0	32	0	0		pdb2pqr_propka_ph7.4	openbabel_gasteiger_rigid	7205	576932	9.59	2026-09-22T14:53:11+08:00
posebusters	7RWS_4UR	/home/qasim/vgb_bench_data/benchmarks/posebusters_benchmark_set/7RWS_4UR/7RWS_4UR_protein.pdb	ok		2072	0	0	0	0		pdb2pqr_propka_ph7.4	openbabel_gasteiger_rigid	2544	204052	2.79	2026-09-22T14:53:18+08:00
posebusters	7SCW_GSP	/home/qasim/vgb_bench_data/benchmarks/posebusters_benchmark_set/7SCW_GSP/7SCW_GSP_protein.pdb	ok		4056	0	1	0	0		pdb2pqr_propka_ph7.4	openbabel_gasteiger_rigid	2522	202292	2.49	2026-09-22T14:53:21+08:00
posebusters	7RNI_60I	/home/qasim/vgb_bench_data/benchmarks/posebusters_benchmark_set/7RNI_60I/7RNI_60I_protein.pdb	ok		11588	0	2	1	26	ACE,DMA	obabel_ph7.4_fallback	openbabel_gasteiger_rigid	7219	579525	15.42	2026-09-22T14:53:09+08:00
posebusters	7RZL_NPO	/home/qasim/vgb_bench_data/benchmarks/posebusters_benchmark_set/7RZL_NPO/7RZL_NPO_protein.pdb	ok		3604	0	26	0	62	FMN	pdb2pqr_propka_ph7.4	openbabel_gasteiger_rigid	4402	356416	4.74	2026-09-22T14:53:20+08:00
posebusters	7SDD_4IP	/home/qasim/vgb_bench_data/benchmarks/posebusters_benchmark_set/7SDD_4IP/7SDD_4IP_protein.pdb	ok		4578	0	0	0	0		pdb2pqr_propka_ph7.4	openbabel_gasteiger_rigid	2876	230612	2.86	2026-09-22T14:53:24+08:00
posebusters	7SFO_98L	/home/qasim/vgb_bench_data/benchmarks/posebusters_benchmark_set/7SFO_98L/7SFO_98L_protein.pdb	ok		3633	0	0	0	0		pdb2pqr_propka_ph7.4	openbabel_gasteiger_rigid	4518	363568	3.98	2026-09-22T14:53:25+08:00
posebusters	7R6J_2I7	/home/qasim/vgb_bench_data/benchmarks/posebusters_benchmark_set/7R6J_2I7/7R6J_2I7_protein.pdb	ok		12174	0	125	0	28	NAG	pdb2pqr_propka_ph7.4	openbabel_gasteiger_rigid	15106	1209810	28.13	2026-09-22T14:53:02+08:00
posebusters	7SIU_9ID	/home/qasim/vgb_bench_data/benchmarks/posebusters_benchmark_set/7SIU_9ID/7SIU_9ID_protein.pdb	ok		4541	0	5	0	0		pdb2pqr_propka_ph7.4	openbabel_gasteiger_rigid	5557	445624	5.52	2026-09-22T14:53:25+08:00
posebusters	7RSV_7IQ	/home/qasim/vgb_bench_data/benchmarks/posebusters_benchmark_set/7RSV_7IQ/7RSV_7IQ_protein.pdb	ok		8520	0	31	0	0		pdb2pqr_propka_ph7.4	openbabel_gasteiger_rigid	10575	847064	16.02	2026-09-22T14:53:17+08:00
posebusters	7T1D_E7K	/home/qasim/vgb_bench_data/benchmarks/posebusters_benchmark_set/7T1D_E7K/7T1D_E7K_protein.pdb	ok		4701	0	58	0	0		pdb2pqr_propka_ph7.4	openbabel_gasteiger_rigid	5714	458450	6.49	2026-09-22T14:53:30+08:00
posebusters	7M31_TDR	/home/qasim/vgb_bench_data/benchmarks/posebusters_benchmark_set/7M31_TDR/7M31_TDR_protein.pdb	ok		31415	0	0	0	648	FAD,FMN,NAP,SF4	pdb2pqr_propka_ph7.4	openbabel_gasteiger_rigid	38378	3075560	148.43	2026-09-22T14:51:10+08:00
posebusters	7SZA_DUI	/home/qasim/vgb_bench_data/benchmarks/posebusters_benchmark_set/7SZA_DUI/7SZA_DUI_protein.pdb	ok		6244	0	26	0	0		pdb2pqr_propka_ph7.4	openbabel_gasteiger_rigid	7897	633090	9.51	2026-09-22T14:53:29+08:00
posebusters	7T3E_SLB	/home/qasim/vgb_bench_data/benchmarks/posebusters_benchmark_set/7T3E_SLB/7T3E_SLB_protein.pdb	ok		9477	0	10	0	0		pdb2pqr_propka_ph7.4	openbabel_gasteiger_rigid	5822	466292	5.62	2026-09-22T14:53:33+08:00
posebusters	7T0D_FPP	/home/qasim/vgb_bench_data/benchmarks/posebusters_benchmark_set/7T0D_FPP/7T0D_FPP_protein.pdb	ok		6455	0	284	0	80	3FX,XO7	pdb2pqr_propka_ph7.4	openbabel_gasteiger_rigid	7850	630394	9.33	2026-09-22T14:53:30+08:00
posebusters	7TE8_P0T	/home/qasim/vgb_bench_data/benchmarks/posebusters_benchmark_set/7TE8_P0T/7TE8_P0T_protein.pdb	ok		3708	0	0	0	0		pdb2pqr_propka_ph7.4	openbabel_gasteiger_rigid	4626	371144	4.67	2026-09-22T14:53:38+08:00
posebusters	7THI_PGA	/home/qasim/vgb_bench_data/benchmarks/posebusters_benchmark_set/7THI_PGA/7THI_PGA_protein.pdb	ok		8283	0	0	0	0		pdb2pqr_propka_ph7.4	openbabel_gasteiger_rigid	5114	409652	5.49	2026-09-22T14:53:39+08:00
posebusters	7TH4_FFO	/home/qasim/vgb_bench_data/benchmarks/posebusters_benchmark_set/7TH4_FFO/7TH4_FFO_protein.pdb	ok		9320	0	7	0	106	FAD	pdb2pqr_propka_ph7.4	openbabel_gasteiger_rigid	5752	461224	6.39	2026-09-22T14:53:38+08:00
posebusters	7TBU_S3P	/home/qasim/vgb_bench_data/benchmarks/posebusters_benchmark_set/7TBU_S3P/7TBU_S3P_protein.pdb	ok		6591	0	16	0	0		pdb2pqr_propka_ph7.4	openbabel_gasteiger_rigid	8026	643410	9.91	2026-09-22T14:53:38+08:00
posebusters	7TOM_5AD	/home/qasim/vgb_bench_data/benchmarks/posebusters_benchmark_set/7TOM_5AD/7TOM_5AD_protein.pdb	ok		4078	0	4	0	110	LPP,SF4	pdb2pqr_propka_ph7.4	openbabel_gasteiger_rigid	4945	396398	5.95	2026-09-22T14:53:44+08:00
posebusters	7TM6_GPJ	/home/qasim/vgb_bench_data/benchmarks/posebusters_benchmark_set/7TM6_GPJ/7TM6_GPJ_protein.pdb	ok		6464	0	42	0	32	S3P	pdb2pqr_propka_ph7.4	openbabel_gasteiger_rigid	7925	635064	9.61	2026-09-22T14:53:43+08:00
posebusters	7TUO_KL9	/home/qasim/vgb_bench_data/benchmarks/posebusters_benchmark_set/7TUO_KL9/7TUO_KL9_protein.pdb	ok		2630	0	1	0	0		pdb2pqr_propka_ph7.4	openbabel_gasteiger_rigid	3247	261888	3.21	2026-09-22T14:53:50+08:00
posebusters	7TYP_KUR	/home/qasim/vgb_bench_data/benchmarks/posebusters_benchmark_set/7TYP_KUR/7TYP_KUR_protein.pdb	ok		3238	0	8	0	0		pdb2pqr_propka_ph7.4	openbabel_gasteiger_rigid	4083	328502	4.44	2026-09-22T14:53:54+08:00
posebusters	7TXK_LW8	/home/qasim/vgb_bench_data/benchmarks/posebusters_benchmark_set/7TXK_LW8/7TXK_LW8_protein.pdb	ok		8533	0	35	0	8	144	pdb2pqr_propka_ph7.4	openbabel_gasteiger_rigid	5194	416318	5.63	2026-09-22T14:53:52+08:00
posebusters	7TSF_H4B	/home/qasim/vgb_bench_data/benchmarks/posebusters_benchmark_set/7TSF_H4B/7TSF_H4B_protein.pdb	ok		6806	0	9	0	124	HEM,K8O	pdb2pqr_propka_ph7.4	openbabel_gasteiger_rigid	8299	665782	11.2	2026-09-22T14:53:48+08:00
posebusters	7U3J_L6U	/home/qasim/vgb_bench_data/benchmarks/posebusters_benchmark_set/7U3J_L6U/7U3J_L6U_protein.pdb	ok		2556	0	27	0	0		pdb2pqr_propka_ph7.4	openbabel_gasteiger_rigid	1694	135786	1.91	2026-09-22T14:53:58+08:00
posebusters	7U0U_FK5	/home/qasim/vgb_bench_data/benchmarks/posebusters_benchmark_set/7U0U_FK5/7U0U_FK5_protein.pdb	ok		2341	0	22	0	0		pdb2pqr_propka_ph7.4	openbabel_gasteiger_rigid	2947	236558	2.81	2026-09-22T14:53:58+08:00
posebusters	7UAW_MF6	/home/qasim/vgb_bench_data/benchmarks/posebusters_benchmark_set/7UAW_MF6/7UAW_MF6_protein.pdb	ok		2006	0	0	0	0		pdb2pqr_propka_ph7.4	openbabel_gasteiger_rigid	2516	201812	2.6	2026-09-22T14:54:00+08:00
posebusters	7TB0_UD1	/home/qasim/vgb_bench_data/benchmarks/posebusters_benchmark_set/7TB0_UD1/7TB0_UD1_protein.pdb	ok		12753	0	17	0	32	FFQ	pdb2pqr_propka_ph7.4	openbabel_gasteiger_rigid	15642	1252424	27.27	2026-09-22T14:53:37+08:00
posebusters	7UAS_MBU	/home/qasim/vgb_bench_data/benchmarks/posebusters_benchmark_set/7UAS_MBU/7UAS_MBU_protein.pdb	ok		4627	0	0	0	0		pdb2pqr_propka_ph7.4	openbabel_gasteiger_rigid	5784	463518	7.01	2026-09-22T14:53:59+08:00
posebusters	7UJ4_OQ4	/home/qasim/vgb_bench_data/benchmarks/posebusters_benchmark_set/7UJ4_OQ4/7UJ4_OQ4_protein.pdb	ok		7062	0	4	0	0		pdb2pqr_propka_ph7.4	openbabel_gasteiger_rigid	8623	691968	11.16	2026-09-22T14:54:01+08:00
posebusters	7ULC_56B	/home/qasim/vgb_bench_data/benchmarks/posebusters_benchmark_set/7ULC_56B/7ULC_56B_protein.pdb	ok		5027	0	7	0	0		pdb2pqr_propka_ph7.4	openbabel_gasteiger_rigid	6146	492212	6.57	2026-09-22T14:54:06+08:00
posebusters	7UQ3_O2U	/home/qasim/vgb_bench_data/benchmarks/posebusters_benchmark_set/7UQ3_O2U/7UQ3_O2U_protein.pdb	ok		3641	0	29	0	0		pdb2pqr_propka_ph7.4	openbabel_gasteiger_rigid	2247	180292	2.21	2026-09-22T14:54:13+08:00
posebusters	7UJF_R3V	/home/qasim/vgb_bench_data/benchmarks/posebusters_benchmark_set/7UJF_R3V/7UJF_R3V_protein.pdb	ok		7393	0	0	0	0		pdb2pqr_propka_ph7.4	openbabel_gasteiger_rigid	9104	731778	11.13	2026-09-22T14:54:04+08:00
posebusters	7UJ5_DGL	/home/qasim/vgb_bench_data/benchmarks/posebusters_benchmark_set/7UJ5_DGL/7UJ5_DGL_protein.pdb	ok		15692	0	55	0	0		pdb2pqr_propka_ph7.4	openbabel_gasteiger_rigid	9728	779304	13.12	2026-09-22T14:54:03+08:00
posebusters	7USH_82V	/home/qasim/vgb_bench_data/benchmarks/posebusters_benchmark_set/7USH_82V/7USH_82V_protein.pdb	ok		915	0	20	0	0		pdb2pqr_propka_ph7.4	openbabel_gasteiger_rigid	1120	89866	1.38	2026-09-22T14:54:15+08:00
posebusters	7UMW_NAD	/home/qasim/vgb_bench_data/benchmarks/posebusters_benchmark_set/7UMW_NAD/7UMW_NAD_protein.pdb	ok		3889	0	0	0	60	NUC	pdb2pqr_propka_ph7.4	openbabel_gasteiger_rigid	4772	382824	5.16	2026-09-22T14:54:12+08:00
posebusters	7TS6_KMI	/home/qasim/vgb_bench_data/benchmarks/posebusters_benchmark_set/7TS6_KMI/7TS6_KMI_protein.pdb	ok		13803	0	32	0	240	H4B,HEM	pdb2pqr_propka_ph7.4	openbabel_gasteiger_rigid	16819	1348712	34.42	2026-09-22T14:53:45+08:00
posebusters	7UYB_OK0	/home/qasim/vgb_bench_data/benchmarks/posebusters_benchmark_set/7UYB_OK0/7UYB_OK0_protein.pdb	ok		1719	0	2	0	0		pdb2pqr_propka_ph7.4	openbabel_gasteiger_rigid	2086	167146	2.17	2026-09-22T14:54:17+08:00
posebusters	7UXS_OJC	/home/qasim/vgb_bench_data/benchmarks/posebusters_benchmark_set/7UXS_OJC/7UXS_OJC_protein.pdb	ok		6209	0	32	0	0		pdb2pqr_propka_ph7.4	openbabel_gasteiger_rigid	3833	307172	4.06	2026-09-22T14:54:16+08:00
posebusters	7V14_ORU	/home/qasim/vgb_bench_data/benchmarks/posebusters_benchmark_set/7V14_ORU/7V14_ORU_protein.pdb	ok		1875	0	13	0	0		pdb2pqr_propka_ph7.4	openbabel_gasteiger_rigid	2313	185306	2.48	2026-09-22T14:54:19+08:00
posebusters	7UY4_SMI	/home/qasim/vgb_bench_data/benchmarks/posebusters_benchmark_set/7UY4_SMI/7UY4_SMI_protein.pdb	ok		4053	0	4	0	62	ANP	pdb2pqr_propka_ph7.4	openbabel_gasteiger_rigid	4948	396904	6.24	2026-09-22T14:54:16+08:00
posebusters	7V3S_5I9	/home/qasim/vgb_bench_data/benchmarks/posebusters_benchmark_set/7V3S_5I9/7V3S_5I9_protein.pdb	ok		2203	0	0	0	0		pdb2pqr_propka_ph7.4	openbabel_gasteiger_rigid	2745	220398	2.87	2026-09-22T14:54:20+08:00
posebusters	7V3N_AKG	/home/qasim/vgb_bench_data/benchmarks/posebusters_benchmark_set/7V3N_AKG/7V3N_AKG_protein.pdb	ok		2560	0	7	0	19	5UQ	pdb2pqr_propka_ph7.4	openbabel_gasteiger_rigid	3130	250932	3.83	2026-09-22T14:54:19+08:00
posebusters	7UTW_NAI	/home/qasim/vgb_bench_data/benchmarks/posebusters_benchmark_set/7UTW_NAI/7UTW_NAI_protein.pdb	ok		5588	0	4	0	18	CXF	pdb2pqr_propka_ph7.4	openbabel_gasteiger_rigid	6815	546264	8.34	2026-09-22T14:54:15+08:00
posebusters	7V43_C4O	/home/qasim/vgb_bench_data/benchmarks/posebusters_benchmark_set/7V43_C4O/7V43_C4O_protein.pdb	ok		3467	0	11	0	43	HEM	pdb2pqr_propka_ph7.4	openbabel_gasteiger_rigid	4192	335626	4.41	2026-09-22T14:54:22+08:00
posebusters	7VBU_6I4	/home/qasim/vgb_bench_data/benchmarks/posebusters_benchmark_set/7VBU_6I4/7VBU_6I4_protein.pdb	ok		2727	0	21	0	0		pdb2pqr_propka_ph7.4	openbabel_gasteiger_rigid	3310	265598	3.66	2026-09-22T14:54:23+08:00
posebusters	7SUC_COM	/home/qasim/vgb_bench_data/benchmarks/posebusters_benchmark_set/7SUC_COM/7SUC_COM_protein.pdb	ok		37812	0	17	0	166	F43,TP7	pdb2pqr_propka_ph7.4	openbabel_gasteiger_rigid	23370	1872792	61.24	2026-09-22T14:53:27+08:00
posebusters	7VC5_9SF	/home/qasim/vgb_bench_data/benchmarks/posebusters_benchmark_set/7VC5_9SF/7VC5_9SF_protein.pdb	ok		3924	0	42	0	36	1TI	pdb2pqr_propka_ph7.4	openbabel_gasteiger_rigid	4871	390744	5.46	2026-09-22T14:54:23+08:00
posebusters	7W05_GMP	/home/qasim/vgb_bench_data/benchmarks/posebusters_benchmark_set/7W05_GMP/7W05_GMP_protein.pdb	ok		1397	0	7	0	0		pdb2pqr_propka_ph7.4	openbabel_gasteiger_rigid	934	74986	1.2	2026-09-22T14:54:29+08:00
posebusters	7VQ9_ISY	/home/qasim/vgb_bench_data/benchmarks/posebusters_benchmark_set/7VQ9_ISY/7VQ9_ISY_protein.pdb	ok		3401	0	22	0	48	FPS	pdb2pqr_propka_ph7.4	openbabel_gasteiger_rigid	4164	334716	4.65	2026-09-22T14:54:26+08:00
posebusters	7VB8_STL	/home/qasim/vgb_bench_data/benchmarks/posebusters_benchmark_set/7VB8_STL/7VB8_STL_protein.pdb	ok		5710	0	107	0	88	NAD	pdb2pqr_propka_ph7.4	openbabel_gasteiger_rigid	6915	554264	9.08	2026-09-22T14:54:23+08:00
posebusters	7VWF_K55	/home/qasim/vgb_bench_data/benchmarks/posebusters_benchmark_set/7VWF_K55/7VWF_K55_protein.pdb	ok		4207	0	0	0	38	B7G	pdb2pqr_propka_ph7.4	openbabel_gasteiger_rigid	5112	411088	5.41	2026-09-22T14:54:26+08:00
posebusters	7W06_ITN	/home/qasim/vgb_bench_data/benchmarks/posebusters_benchmark_set/7W06_ITN/7W06_ITN_protein.pdb	ok		1573	0	6	0	0		pdb2pqr_propka_ph7.4	openbabel_gasteiger_rigid	1937	155492	1.92	2026-09-22T14:54:30+08:00
posebusters	7WCF_ACP	/home/qasim/vgb_bench_data/benchmarks/posebusters_benchmark_set/7WCF_ACP/7WCF_ACP_protein.pdb	ok		2605	0	2	0	0		pdb2pqr_propka_ph7.4	openbabel_gasteiger_rigid	3197	256026	3.41	2026-09-22T14:54:31+08:00
posebusters	7WL4_JFU	/home/qasim/vgb_bench_data/benchmarks/posebusters_benchmark_set/7WL4_JFU/7WL4_JFU_protein.pdb	ok		4266	0	0	0	0		pdb2pqr_propka_ph7.4	openbabel_gasteiger_rigid	5244	420584	5.61	2026-09-22T14:54:34+08:00
posebusters	7WPW_F15	/home/qasim/vgb_bench_data/benchmarks/posebusters_benchmark_set/7WPW_F15/7WPW_F15_protein.pdb	ok		1041	0	32	0	0		pdb2pqr_propka_ph7.4	openbabel_gasteiger_rigid	1285	103066	1.7	2026-09-22T14:54:40+08:00
posebusters	7WJB_BGC	/home/qasim/vgb_bench_data/benchmarks/posebusters_benchmark_set/7WJB_BGC/7WJB_BGC_protein.pdb	ok		5991	0	32	0	0		pdb2pqr_propka_ph7.4	openbabel_gasteiger_rigid	7270	581866	10.31	2026-09-22T14:54:32+08:00
posebusters	7WDT_NGS	/home/qasim/vgb_bench_data/benchmarks/posebusters_benchmark_set/7WDT_NGS/7WDT_NGS_protein.pdb	ok		6258	0	1	0	19	NGY	pdb2pqr_propka_ph7.4	openbabel_gasteiger_rigid	7664	614184	10.61	2026-09-22T14:54:32+08:00
posebusters	7WQQ_5Z6	/home/qasim/vgb_bench_data/benchmarks/posebusters_benchmark_set/7WQQ_5Z6/7WQQ_5Z6_protein.pdb	ok		3841	0	0	0	0		pdb2pqr_propka_ph7.4	openbabel_gasteiger_rigid	2299	184718	2.57	2026-09-22T14:54:42+08:00
posebusters	7VYJ_CA0	/home/qasim/vgb_bench_data/benchmarks/posebusters_benchmark_set/7VYJ_CA0/7VYJ_CA0_protein.pdb	ok		10431	0	106	0	8	CP	pdb2pqr_propka_ph7.4	openbabel_gasteiger_rigid	12681	1015278	23.09	2026-09-22T14:54:28+08:00
posebusters	7VKZ_NOJ	/home/qasim/vgb_bench_data/benchmarks/posebusters_benchmark_set/7VKZ_NOJ/7VKZ_NOJ_protein.pdb	ok		11626	0	2	0	0		pdb2pqr_propka_ph7.4	openbabel_gasteiger_rigid	14195	1136664	28.03	2026-09-22T14:54:24+08:00
posebusters	7WUY_76N	/home/qasim/vgb_bench_data/benchmarks/posebusters_benchmark_set/7WUY_76N/7WUY_76N_protein.pdb	ok		6178	0	219	0	54	SAM	pdb2pqr_propka_ph7.4	openbabel_gasteiger_rigid	7498	600904	9.9	2026-09-22T14:54:42+08:00
posebusters	7X9K_8OG	/home/qasim/vgb_bench_data/benchmarks/posebusters_benchmark_set/7X9K_8OG/7X9K_8OG_protein.pdb	ok		1078	0	7	0	23	FRU,GLC	pdb2pqr_propka_ph7.4	openbabel_gasteiger_rigid	1298	104372	1.38	2026-09-22T14:54:52+08:00
posebusters	7XFA_D9J	/home/qasim/vgb_bench_data/benchmarks/posebusters_benchmark_set/7XFA_D9J/7XFA_D9J_protein.pdb	ok		1108	0	0	0	0		pdb2pqr_propka_ph7.4	openbabel_gasteiger_rigid	1363	109306	1.35	2026-09-22T14:54:53+08:00
posebusters	7XBV_APC	/home/qasim/vgb_bench_data/benchmarks/posebusters_benchmark_set/7XBV_APC/7XBV_APC_protein.pdb	ok		3170	0	5	0	0		pdb2pqr_propka_ph7.4	openbabel_gasteiger_rigid	3849	308452	3.72	2026-09-22T14:54:52+08:00
posebusters	7WKL_CAQ	/home/qasim/vgb_bench_data/benchmarks/posebusters_benchmark_set/7WKL_CAQ/7WKL_CAQ_protein.pdb	ok		11020	0	24	0	0		pdb2pqr_propka_ph7.4	openbabel_gasteiger_rigid	13396	1073010	25.38	2026-09-22T14:54:32+08:00
posebusters	7WY1_D0L	/home/qasim/vgb_bench_data/benchmarks/posebusters_benchmark_set/7WY1_D0L/7WY1_D0L_protein.pdb	ok		7444	0	0	0	116	MI9,SOR,SYN	pdb2pqr_propka_ph7.4	openbabel_gasteiger_rigid	9028	723570	13.17	2026-09-22T14:54:44+08:00
posebusters	7WUX_6OI	/home/qasim/vgb_bench_data/benchmarks/posebusters_benchmark_set/7WUX_6OI/7WUX_6OI_protein.pdb	ok		16098	0	27	4	29	P4G	pdb2pqr_propka_ph7.4	openbabel_gasteiger_rigid	10037	804556	16.04	2026-09-22T14:54:42+08:00
posebusters	7XI7_4RI	/home/qasim/vgb_bench_data/benchmarks/posebusters_benchmark_set/7XI7_4RI/7XI7_4RI_protein.pdb	ok		1502	0	15	0	0		pdb2pqr_propka_ph7.4	openbabel_gasteiger_rigid	1835	147066	2.24	2026-09-22T14:54:56+08:00
posebusters	7X5N_5M5	/home/qasim/vgb_bench_data/benchmarks/posebusters_benchmark_set/7X5N_5M5/7X5N_5M5_protein.pdb	ok		6285	0	0	0	44	PLS	pdb2pqr_propka_ph7.4	openbabel_gasteiger_rigid	7634	611784	10.87	2026-09-22T14:54:51+08:00
posebusters	7XG5_PLP	/home/qasim/vgb_bench_data/benchmarks/posebusters_benchmark_set/7XG5_PLP/7XG5_PLP_protein.pdb	ok		4987	0	0	0	0		pdb2pqr_propka_ph7.4	openbabel_gasteiger_rigid	6096	488212	7.78	2026-09-22T14:54:54+08:00
posebusters	7XQZ_FPF	/home/qasim/vgb_bench_data/benchmarks/posebusters_benchmark_set/7XQZ_FPF/7XQZ_FPF_protein.pdb	ok		3709	0	2	0	0		pdb2pqr_propka_ph7.4	openbabel_gasteiger_rigid	4551	364612	5.75	2026-09-22T14:54:58+08:00
posebusters	7Z1Q_NIO	/home/qasim/vgb_bench_data/benchmarks/posebusters_benchmark_set/7Z1Q_NIO/7Z1Q_NIO_protein.pdb	ok		1506	0	33	0	0		pdb2pqr_propka_ph7.4	openbabel_gasteiger_rigid	1849	148186	2.54	2026-09-22T14:55:02+08:00
posebusters	7YZU_DO7	/home/qasim/vgb_bench_data/benchmarks/posebusters_benchmark_set/7YZU_DO7/7YZU_DO7_protein.pdb	ok		5792	0	0	0	0		pdb2pqr_propka_ph7.4	openbabel_gasteiger_rigid	3645	292132	4.29	2026-09-22T14:55:02+08:00
posebusters	7Z7F_IF3	/home/qasim/vgb_bench_data/benchmarks/posebusters_benchmark_set/7Z7F_IF3/7Z7F_IF3_protein.pdb	ok		2339	0	37	0	0		pdb2pqr_propka_ph7.4	openbabel_gasteiger_rigid	3048	244372	3.36	2026-09-22T14:55:05+08:00
posebusters	7Z2O_IAJ	/home/qasim/vgb_bench_data/benchmarks/posebusters_benchmark_set/7Z2O_IAJ/7Z2O_IAJ_protein.pdb	ok		3190	0	4	0	0		pdb2pqr_propka_ph7.4	openbabel_gasteiger_rigid	3944	316318	4.59	2026-09-22T14:55:04+08:00
posebusters	7XPO_UPG	/home/qasim/vgb_bench_data/benchmarks/posebusters_benchmark_set/7XPO_UPG/7XPO_UPG_protein.pdb	ok		5318	0	24	0	80	NAD	pdb2pqr_propka_ph7.4	openbabel_gasteiger_rigid	6514	523248	11.4	2026-09-22T14:54:57+08:00
posebusters	7ZHP_IQY	/home/qasim/vgb_bench_data/benchmarks/posebusters_benchmark_set/7ZHP_IQY/7ZHP_IQY_protein.pdb	ok		2385	0	29	0	0		pdb2pqr_propka_ph7.4	openbabel_gasteiger_rigid	2952	236426	3.24	2026-09-22T14:55:09+08:00
posebusters	7ZF0_DHR	/home/qasim/vgb_bench_data/benchmarks/posebusters_benchmark_set/7ZF0_DHR/7ZF0_DHR_protein.pdb	ok		7216	0	66	0	0		pdb2pqr_propka_ph7.4	openbabel_gasteiger_rigid	4401	352878	5.14	2026-09-22T14:55:08+08:00
posebusters	7ZL5_IWE	/home/qasim/vgb_bench_data/benchmarks/posebusters_benchmark_set/7ZL5_IWE/7ZL5_IWE_protein.pdb	ok		4016	0	6	0	0		pdb2pqr_propka_ph7.4	openbabel_gasteiger_rigid	4919	394052	6.16	2026-09-22T14:55:12+08:00
posebusters	7ZOC_T8E	/home/qasim/vgb_bench_data/benchmarks/posebusters_benchmark_set/7ZOC_T8E/7ZOC_T8E_protein.pdb	ok		3064	0	2	0	0		pdb2pqr_propka_ph7.4	openbabel_gasteiger_rigid	3836	307146	4.84	2026-09-22T14:55:14+08:00
posebusters	7XJN_NSD	/home/qasim/vgb_bench_data/benchmarks/posebusters_benchmark_set/7XJN_NSD/7XJN_NSD_protein.pdb	ok		10275	0	45	0	0		pdb2pqr_propka_ph7.4	openbabel_gasteiger_rigid	12390	992796	22.64	2026-09-22T14:54:57+08:00
posebusters	7ZU2_DHT	/home/qasim/vgb_bench_data/benchmarks/posebusters_benchmark_set/7ZU2_DHT/7ZU2_DHT_protein.pdb	ok		1981	0	10	0	0		pdb2pqr_propka_ph7.4	openbabel_gasteiger_rigid	2406	193012	2.52	2026-09-22T14:55:18+08:00
posebusters	7ZTL_BCN	/home/qasim/vgb_bench_data/benchmarks/posebusters_benchmark_set/7ZTL_BCN/7ZTL_BCN_protein.pdb	ok		2307	0	21	0	39	ADP,JWG	pdb2pqr_propka_ph7.4	openbabel_gasteiger_rigid	2877	230958	3.28	2026-09-22T14:55:18+08:00
posebusters	7ZXV_45D	/home/qasim/vgb_bench_data/benchmarks/posebusters_benchmark_set/7ZXV_45D/7ZXV_45D_protein.pdb	ok		4793	0	1	0	0		pdb2pqr_propka_ph7.4	openbabel_gasteiger_rigid	2919	233786	3.28	2026-09-22T14:55:20+08:00
posebusters	8A2D_KXY	/home/qasim/vgb_bench_data/benchmarks/posebusters_benchmark_set/8A2D_KXY/8A2D_KXY_protein.pdb	ok		2276	0	16	0	0		pdb2pqr_propka_ph7.4	openbabel_gasteiger_rigid	2785	223864	4.17	2026-09-22T14:55:23+08:00
posebusters	8A1H_DLZ	/home/qasim/vgb_bench_data/benchmarks/posebusters_benchmark_set/8A1H_DLZ/8A1H_DLZ_protein.pdb	ok		8319	0	222	0	91	FAD,SF4	pdb2pqr_propka_ph7.4	openbabel_gasteiger_rigid	5201	416612	7.12	2026-09-22T14:55:21+08:00
posebusters	7ZCC_OGA	/home/qasim/vgb_bench_data/benchmarks/posebusters_benchmark_set/7ZCC_OGA/7ZCC_OGA_protein.pdb	ok		19892	0	181	0	0		pdb2pqr_propka_ph7.4	openbabel_gasteiger_rigid	12674	1015782	23.2	2026-09-22T14:55:06+08:00
posebusters	8AAU_LH0	/home/qasim/vgb_bench_data/benchmarks/posebusters_benchmark_set/8AAU_LH0/8AAU_LH0_protein.pdb	ok		2273	0	20	0	0		pdb2pqr_propka_ph7.4	openbabel_gasteiger_rigid	2921	234212	3.48	2026-09-22T14:55:27+08:00
posebusters	8AEM_LVF	/home/qasim/vgb_bench_data/benchmarks/posebusters_benchmark_set/8AEM_LVF/8AEM_LVF_protein.pdb	ok		2779	0	24	0	31	ATP	pdb2pqr_propka_ph7.4	openbabel_gasteiger_rigid	3394	272052	4.23	2026-09-22T14:55:28+08:00
posebusters	8AP0_PRP	/home/qasim/vgb_bench_data/benchmarks/posebusters_benchmark_set/8AP0_PRP/8AP0_PRP_protein.pdb	ok		2525	0	14	0	12	MYO	pdb2pqr_propka_ph7.4	openbabel_gasteiger_rigid	3074	246718	3.45	2026-09-22T14:55:31+08:00
posebusters	7XRL_FWK	/home/qasim/vgb_bench_data/benchmarks/posebusters_benchmark_set/7XRL_FWK/7XRL_FWK_protein.pdb	ok		13527	0	6	0	192	B12,PGO	pdb2pqr_propka_ph7.4	openbabel_gasteiger_rigid	16581	1329140	36.37	2026-09-22T14:54:58+08:00
posebusters	8AIE_M7L	/home/qasim/vgb_bench_data/benchmarks/posebusters_benchmark_set/8AIE_M7L/8AIE_M7L_protein.pdb	ok		4317	0	0	0	22	LCS	pdb2pqr_propka_ph7.4	openbabel_gasteiger_rigid	5299	424452	7.46	2026-09-22T14:55:29+08:00
posebusters	7ZDY_6MJ	/home/qasim/vgb_bench_data/benchmarks/posebusters_benchmark_set/7ZDY_6MJ/7ZDY_6MJ_protein.pdb	ok		11856	0	32	0	0		pdb2pqr_propka_ph7.4	openbabel_gasteiger_rigid	14581	1167544	31.99	2026-09-22T14:55:08+08:00
posebusters	7ZZW_KKW	/home/qasim/vgb_bench_data/benchmarks/posebusters_benchmark_set/7ZZW_KKW/7ZZW_KKW_protein.pdb	ok		8914	0	251	0	30	KZF	pdb2pqr_propka_ph7.4	openbabel_gasteiger_rigid	10877	871224	19.58	2026-09-22T14:55:21+08:00
posebusters	8AY3_OE3	/home/qasim/vgb_bench_data/benchmarks/posebusters_benchmark_set/8AY3_OE3/8AY3_OE3_protein.pdb	ok		3809	0	24	0	0		pdb2pqr_propka_ph7.4	openbabel_gasteiger_rigid	4700	377330	6.2	2026-09-22T14:55:35+08:00
posebusters	8BOM_QU6	/home/qasim/vgb_bench_data/benchmarks/posebusters_benchmark_set/8BOM_QU6/8BOM_QU6_protein.pdb	ok		4291	0	0	0	0		pdb2pqr_propka_ph7.4	openbabel_gasteiger_rigid	2609	209518	3.11	2026-09-22T14:55:40+08:00
posebusters	8AUH_L9I	/home/qasim/vgb_bench_data/benchmarks/posebusters_benchmark_set/8AUH_L9I/8AUH_L9I_protein.pdb	ok		5684	0	39	0	62	FMN	pdb2pqr_propka_ph7.4	openbabel_gasteiger_rigid	6890	552264	9.21	2026-09-22T14:55:34+08:00
posebusters	8C3N_ADP	/home/qasim/vgb_bench_data/benchmarks/posebusters_benchmark_set/8C3N_ADP/8C3N_ADP_protein.pdb	ok		1882	0	1	0	11	RF6	pdb2pqr_propka_ph7.4	openbabel_gasteiger_rigid	2332	187624	2.77	2026-09-22T14:55:41+08:00
posebusters	8BTI_RFO	/home/qasim/vgb_bench_data/benchmarks/posebusters_benchmark_set/8BTI_RFO/8BTI_RFO_protein.pdb	ok		2799	0	61	0	14	NAG	pdb2pqr_propka_ph7.4	openbabel_gasteiger_rigid	3465	278796	4.02	2026-09-22T14:55:41+08:00
posebusters	8B8H_OJQ	/home/qasim/vgb_bench_data/benchmarks/posebusters_benchmark_set/8B8H_OJQ/8B8H_OJQ_protein.pdb	ok		10688	0	47	0	0		pdb2pqr_propka_ph7.4	openbabel_gasteiger_rigid	6741	540078	10.52	2026-09-22T14:55:37+08:00
posebusters	8C5M_MTA	/home/qasim/vgb_bench_data/benchmarks/posebusters_benchmark_set/8C5M_MTA/8C5M_MTA_protein.pdb	ok		3212	0	214	0	0		pdb2pqr_propka_ph7.4	openbabel_gasteiger_rigid	3938	315572	4.68	2026-09-22T14:55:43+08:00
posebusters	8CNH_V6U	/home/qasim/vgb_bench_data/benchmarks/posebusters_benchmark_set/8CNH_V6U/8CNH_V6U_protein.pdb	ok		7123	0	135	0	0		pdb2pqr_propka_ph7.4	openbabel_gasteiger_rigid	4358	349172	5.67	2026-09-22T14:55:43+08:00
posebusters	8D39_QDB	/home/qasim/vgb_bench_data/benchmarks/posebusters_benchmark_set/8D39_QDB/8D39_QDB_protein.pdb	ok		3064	0	3	0	43	HEM	pdb2pqr_propka_ph7.4	openbabel_gasteiger_rigid	3723	298106	4.74	2026-09-22T14:55:47+08:00
posebusters	8DHG_T78	/home/qasim/vgb_bench_data/benchmarks/posebusters_benchmark_set/8DHG_T78/8DHG_T78_protein.pdb	ok		2783	0	24	0	42	FMN,ORO	pdb2pqr_propka_ph7.4	openbabel_gasteiger_rigid	3426	275144	4.06	2026-09-22T14:55:49+08:00
posebusters	8CSD_C5P	/home/qasim/vgb_bench_data/benchmarks/posebusters_benchmark_set/8CSD_C5P/8CSD_C5P_protein.pdb	ok		12332	0	5	0	30	KDO	pdb2pqr_propka_ph7.4	openbabel_gasteiger_rigid	7596	609010	12.74	2026-09-22T14:55:44+08:00
posebusters	8D19_GSH	/home/qasim/vgb_bench_data/benchmarks/posebusters_benchmark_set/8D19_GSH/8D19_GSH_protein.pdb	ok		6406	0	2	0	0		pdb2pqr_propka_ph7.4	openbabel_gasteiger_rigid	7794	624052	13.25	2026-09-22T14:55:45+08:00
posebusters	8DP2_UMA	/home/qasim/vgb_bench_data/benchmarks/posebusters_benchmark_set/8DP2_UMA/8DP2_UMA_protein.pdb	ok		3399	0	30	0	25	PE8	pdb2pqr_propka_ph7.4	openbabel_gasteiger_rigid	4158	333172	5.38	2026-09-22T14:55:53+08:00
posebusters	8EAB_VN2	/home/qasim/vgb_bench_data/benchmarks/posebusters_benchmark_set/8EAB_VN2/8EAB_VN2_protein.pdb	ok		1923	0	14	0	0		pdb2pqr_propka_ph7.4	openbabel_gasteiger_rigid	2364	189652	3.18	2026-09-22T14:55:58+08:00
posebusters	8EX2_Q2Q	/home/qasim/vgb_bench_data/benchmarks/posebusters_benchmark_set/8EX2_Q2Q/8EX2_Q2Q_protein.pdb	ok		4346	0	33	1	0		pdb2pqr_propka_ph7.4	openbabel_gasteiger_rigid	2686	215146	3.54	2026-09-22T14:55:59+08:00
posebusters	8D5D_5DK	/home/qasim/vgb_bench_data/benchmarks/posebusters_benchmark_set/8D5D_5DK/8D5D_5DK_protein.pdb	ok		14312	0	99	0	0		pdb2pqr_propka_ph7.4	openbabel_gasteiger_rigid	8857	709624	15.9	2026-09-22T14:55:48+08:00
posebusters	8DKO_TFB	/home/qasim/vgb_bench_data/benchmarks/posebusters_benchmark_set/8DKO_TFB/8DKO_TFB_protein.pdb	ok		5931	0	0	0	106	FAD	pdb2pqr_propka_ph7.4	openbabel_gasteiger_rigid	7566	606876	12.48	2026-09-22T14:55:52+08:00
posebusters	8F8E_XJI	/home/qasim/vgb_bench_data/benchmarks/posebusters_benchmark_set/8F8E_XJI/8F8E_XJI_protein.pdb	ok		4620	0	13	0	0		pdb2pqr_propka_ph7.4	openbabel_gasteiger_rigid	5774	463250	8.34	2026-09-22T14:56:04+08:00
posebusters	8DSC_NCA	/home/qasim/vgb_bench_data/benchmarks/posebusters_benchmark_set/8DSC_NCA/8DSC_NCA_protein.pdb	ok		7498	0	32	0	0		pdb2pqr_propka_ph7.4	openbabel_gasteiger_rigid	9173	734904	16.83	2026-09-22T14:55:56+08:00
posebusters	8FLV_ZB9	/home/qasim/vgb_bench_data/benchmarks/posebusters_benchmark_set/8FLV_ZB9/8FLV_ZB9_protein.pdb	ok		2116	0	19	0	0		pdb2pqr_propka_ph7.4	openbabel_gasteiger_rigid	2667	213626	3.34	2026-09-22T14:56:13+08:00
posebusters	8AQL_PLG	/home/qasim/vgb_bench_data/benchmarks/posebusters_benchmark_set/8AQL_PLG/8AQL_PLG_protein.pdb	ok		14213	0	32	0	0		pdb2pqr_propka_ph7.4	openbabel_gasteiger_rigid	17499	1402048	43.75	2026-09-22T14:55:33+08:00
posebusters	8EXL_799	/home/qasim/vgb_bench_data/benchmarks/posebusters_benchmark_set/8EXL_799/8EXL_799_protein.pdb	ok		7092	0	0	0	0		pdb2pqr_propka_ph7.4	openbabel_gasteiger_rigid	8934	716848	16.0	2026-09-22T14:56:01+08:00
posebusters	8EYE_X4I	/home/qasim/vgb_bench_data/benchmarks/posebusters_benchmark_set/8EYE_X4I/8EYE_X4I_protein.pdb	ok		7219	0	57	0	0		pdb2pqr_propka_ph7.4	openbabel_gasteiger_rigid	8936	715146	17.79	2026-09-22T14:56:02+08:00
posebusters	8FAV_4Y5	/home/qasim/vgb_bench_data/benchmarks/posebusters_benchmark_set/8FAV_4Y5/8FAV_4Y5_protein.pdb	ok		4120	0	5	0	68	LKY	pdb2pqr_propka_ph7.4	openbabel_gasteiger_rigid	5044	404318	7.44	2026-09-22T14:56:13+08:00
posebusters	8G6P_API	/home/qasim/vgb_bench_data/benchmarks/posebusters_benchmark_set/8G6P_API/8G6P_API_protein.pdb	ok		3735	0	63	0	27	ADP	pdb2pqr_propka_ph7.4	openbabel_gasteiger_rigid	4579	366852	6.24	2026-09-22T14:56:17+08:00
posebusters	8HFN_XGC	/home/qasim/vgb_bench_data/benchmarks/posebusters_benchmark_set/8HFN_XGC/8HFN_XGC_protein.pdb	ok		3192	0	3	0	0		pdb2pqr_propka_ph7.4	openbabel_gasteiger_rigid	3907	312826	5.3	2026-09-22T14:56:20+08:00
posebusters	8GFD_ZHR	/home/qasim/vgb_bench_data/benchmarks/posebusters_benchmark_set/8GFD_ZHR/8GFD_ZHR_protein.pdb	ok		4242	0	25	0	0		pdb2pqr_propka_ph7.4	openbabel_gasteiger_rigid	5213	417306	7.74	2026-09-22T14:56:20+08:00
astex	1G9V_RQ3	/home/qasim/vgb_bench_data/benchmarks/astex_diverse_set/1G9V_RQ3/1G9V_RQ3_protein.pdb	cached								pdb2pqr_propka_ph7.4	openbabel_gasteiger_rigid		439920	0.0	2026-09-22T14:56:28+08:00
astex	1GKC_NFH	/home/qasim/vgb_bench_data/benchmarks/astex_diverse_set/1GKC_NFH/1GKC_NFH_protein.pdb	cached								pdb2pqr_propka_ph7.4	openbabel_gasteiger_rigid		240600	0.0	2026-09-22T14:56:28+08:00
astex	1GM8_SOX	/home/qasim/vgb_bench_data/benchmarks/astex_diverse_set/1GM8_SOX/1GM8_SOX_protein.pdb	cached								pdb2pqr_propka_ph7.4	openbabel_gasteiger_rigid		595400	0.0	2026-09-22T14:56:28+08:00
astex	1GPK_HUP	/home/qasim/vgb_bench_data/benchmarks/astex_diverse_set/1GPK_HUP/1GPK_HUP_protein.pdb	cached								pdb2pqr_propka_ph7.4	openbabel_gasteiger_rigid		415260	0.0	2026-09-22T14:56:28+08:00
astex	1HNN_SKF	/home/qasim/vgb_bench_data/benchmarks/astex_diverse_set/1HNN_SKF/1HNN_SKF_protein.pdb	cached								pdb2pqr_propka_ph7.4	openbabel_gasteiger_rigid		407680	0.0	2026-09-22T14:56:28+08:00
astex	1HP0_AD3	/home/qasim/vgb_bench_data/benchmarks/astex_diverse_set/1HP0_AD3/1HP0_AD3_protein.pdb	cached								pdb2pqr_propka_ph7.4	openbabel_gasteiger_rigid		483920	0.0	2026-09-22T14:56:28+08:00
astex	1HQ2_PH2	/home/qasim/vgb_bench_data/benchmarks/astex_diverse_set/1HQ2_PH2/1HQ2_PH2_protein.pdb	cached								pdb2pqr_propka_ph7.4	openbabel_gasteiger_rigid		125240	0.0	2026-09-22T14:56:28+08:00
astex	1HVY_D16	/home/qasim/vgb_bench_data/benchmarks/astex_diverse_set/1HVY_D16/1HVY_D16_protein.pdb	cached								pdb2pqr_propka_ph7.4	openbabel_gasteiger_rigid		916960	0.0	2026-09-22T14:56:28+08:00
astex	1HWI_115	/home/qasim/vgb_bench_data/benchmarks/astex_diverse_set/1HWI_115/1HWI_115_protein.pdb	cached								pdb2pqr_propka_ph7.4	openbabel_gasteiger_rigid		1131520	0.0	2026-09-22T14:56:28+08:00
astex	1HWW_SWA	/home/qasim/vgb_bench_data/benchmarks/astex_diverse_set/1HWW_SWA/1HWW_SWA_protein.pdb	cached								pdb2pqr_propka_ph7.4	openbabel_gasteiger_rigid		801000	0.0	2026-09-22T14:56:28+08:00
posebusters	8HO0_3ZI	/home/qasim/vgb_bench_data/benchmarks/posebusters_benchmark_set/8HO0_3ZI/8HO0_3ZI_protein.pdb	ok		3052	0	1	0	43	HEM	pdb2pqr_propka_ph7.4	openbabel_gasteiger_rigid	3710	297332	4.81	2026-09-22T14:56:23+08:00
posebusters	8FO5_Y4U	/home/qasim/vgb_bench_data/benchmarks/posebusters_benchmark_set/8FO5_Y4U/8FO5_Y4U_protein.pdb	ok		6310	0	20	0	0		pdb2pqr_propka_ph7.4	openbabel_gasteiger_rigid	7750	620532	12.55	2026-09-22T14:56:16+08:00
astex	1IA1_TQ3	/home/qasim/vgb_bench_data/benchmarks/astex_diverse_set/1IA1_TQ3/1IA1_TQ3_protein.pdb	ok		3208	0	10	0	96	NDP	pdb2pqr_propka_ph7.4	openbabel_gasteiger_rigid	3926	315120	5.15	2026-09-22T14:56:28+08:00
astex	1IG3_VIB	/home/qasim/vgb_bench_data/benchmarks/astex_diverse_set/1IG3_VIB/1IG3_VIB_protein.pdb	ok		3887	0	70	0	0		pdb2pqr_propka_ph7.4	openbabel_gasteiger_rigid	4719	378040	6.5	2026-09-22T14:56:28+08:00
astex	1JJE_BYS	/home/qasim/vgb_bench_data/benchmarks/astex_diverse_set/1JJE_BYS/1JJE_BYS_protein.pdb	ok		3440	0	14	0	0		pdb2pqr_propka_ph7.4	openbabel_gasteiger_rigid	4196	336200	5.39	2026-09-22T14:56:35+08:00
astex	1JD0_AZM	/home/qasim/vgb_bench_data/benchmarks/astex_diverse_set/1JD0_AZM/1JD0_AZM_protein.pdb	ok		4167	0	2	0	0		pdb2pqr_propka_ph7.4	openbabel_gasteiger_rigid	5063	405560	7.62	2026-09-22T14:56:33+08:00
posebusters	8SLG_G5A	/home/qasim/vgb_bench_data/benchmarks/posebusters_benchmark_set/8SLG_G5A/8SLG_G5A_protein.pdb	ok		7072	0	22	0	0		pdb2pqr_propka_ph7.4	openbabel_gasteiger_rigid	8719	699116	16.7	2026-09-22T14:56:26+08:00
astex	1KE5_LS1	/home/qasim/vgb_bench_data/benchmarks/astex_diverse_set/1KE5_LS1/1KE5_LS1_protein.pdb	ok		2246	0	0	0	0		pdb2pqr_propka_ph7.4	openbabel_gasteiger_rigid	2754	221100	4.35	2026-09-22T14:56:42+08:00
astex	1KZK_JE2	/home/qasim/vgb_bench_data/benchmarks/astex_diverse_set/1KZK_JE2/1KZK_JE2_protein.pdb	ok		3019	0	25	0	0		pdb2pqr_propka_ph7.4	openbabel_gasteiger_rigid	1851	148600	2.62	2026-09-22T14:56:47+08:00
astex	1K3U_IAD	/home/qasim/vgb_bench_data/benchmarks/astex_diverse_set/1K3U_IAD/1K3U_IAD_protein.pdb	ok		5009	0	1	0	15	PLP	pdb2pqr_propka_ph7.4	openbabel_gasteiger_rigid	6104	489360	12.91	2026-09-22T14:56:40+08:00
astex	1J3J_CP6	/home/qasim/vgb_bench_data/benchmarks/astex_diverse_set/1J3J_CP6/1J3J_CP6_protein.pdb	ok		9194	0	0	0	96	NDP	pdb2pqr_propka_ph7.4	openbabel_gasteiger_rigid	11256	903080	27.27	2026-09-22T14:56:29+08:00
astex	1JLA_TNK	/home/qasim/vgb_bench_data/benchmarks/astex_diverse_set/1JLA_TNK/1JLA_TNK_protein.pdb	ok		7821	0	0	0	0		pdb2pqr_propka_ph7.4	openbabel_gasteiger_rigid	9546	765240	19.45	2026-09-22T14:56:40+08:00
astex	1LPZ_CMB	/home/qasim/vgb_bench_data/benchmarks/astex_diverse_set/1LPZ_CMB/1LPZ_CMB_protein.pdb	ok		2247	0	1	0	0		pdb2pqr_propka_ph7.4	openbabel_gasteiger_rigid	2772	222020	4.25	2026-09-22T14:56:56+08:00
astex	1L2S_STC	/home/qasim/vgb_bench_data/benchmarks/astex_diverse_set/1L2S_STC/1L2S_STC_protein.pdb	ok		5498	0	0	0	0		pdb2pqr_propka_ph7.4	openbabel_gasteiger_rigid	6788	543820	13.22	2026-09-22T14:56:49+08:00
astex	1L7F_BCZ	/home/qasim/vgb_bench_data/benchmarks/astex_diverse_set/1L7F_BCZ/1L7F_BCZ_protein.pdb	ok		3192	0	20	0	125	BMA,MAN,NAG	pdb2pqr_propka_ph7.4	openbabel_gasteiger_rigid	3899	312700	11.49	2026-09-22T14:56:53+08:00
astex	1MEH_MOA	/home/qasim/vgb_bench_data/benchmarks/astex_diverse_set/1MEH_MOA/1MEH_MOA_protein.pdb	ok		2732	0	1	0	23	IMP	pdb2pqr_propka_ph7.4	openbabel_gasteiger_rigid	3344	268300	5.22	2026-09-22T14:57:02+08:00
astex	1M2Z_DEX	/home/qasim/vgb_bench_data/benchmarks/astex_diverse_set/1M2Z_DEX/1M2Z_DEX_protein.pdb	ok		4476	0	45	0	0		pdb2pqr_propka_ph7.4	openbabel_gasteiger_rigid	5473	438880	8.89	2026-09-22T14:57:01+08:00
astex	1LRH_NLA	/home/qasim/vgb_bench_data/benchmarks/astex_diverse_set/1LRH_NLA/1LRH_NLA_protein.pdb	ok		5364	0	4	0	288	BMA,MAN,NAG	pdb2pqr_propka_ph7.4	openbabel_gasteiger_rigid	6420	515680	11.46	2026-09-22T14:56:59+08:00
astex	1N2J_PAF	/home/qasim/vgb_bench_data/benchmarks/astex_diverse_set/1N2J_PAF/1N2J_PAF_protein.pdb	ok		4238	0	48	0	12	BAL	pdb2pqr_propka_ph7.4	openbabel_gasteiger_rigid	5145	412640	7.3	2026-09-22T14:57:11+08:00
posebusters	8G0V_YHT	/home/qasim/vgb_bench_data/benchmarks/posebusters_benchmark_set/8G0V_YHT/8G0V_YHT_protein.pdb	ok		15395	0	17	0	0		pdb2pqr_propka_ph7.4	openbabel_gasteiger_rigid	19108	1530236	64.05	2026-09-22T14:56:16+08:00
astex	1MZC_BNE	/home/qasim/vgb_bench_data/benchmarks/astex_diverse_set/1MZC_BNE/1MZC_BNE_protein.pdb	ok		5924	0	1	0	47	FPP,FRU,GLC	pdb2pqr_propka_ph7.4	openbabel_gasteiger_rigid	7220	578640	16.11	2026-09-22T14:57:08+08:00
astex	1MMV_3AR	/home/qasim/vgb_bench_data/benchmarks/astex_diverse_set/1MMV_3AR/1MMV_3AR_protein.pdb	ok		6767	0	9	0	120	H4B,HEM	pdb2pqr_propka_ph7.4	openbabel_gasteiger_rigid	8249	661480	19.51	2026-09-22T14:57:05+08:00
astex	1N2V_BDI	/home/qasim/vgb_bench_data/benchmarks/astex_diverse_set/1N2V_BDI/1N2V_BDI_protein.pdb	ok		2902	0	1	0	0		pdb2pqr_propka_ph7.4	openbabel_gasteiger_rigid	3575	286260	6.61	2026-09-22T14:57:18+08:00
astex	1NAV_IH5	/home/qasim/vgb_bench_data/benchmarks/astex_diverse_set/1NAV_IH5/1NAV_IH5_protein.pdb	ok		1984	0	5	0	0		pdb2pqr_propka_ph7.4	openbabel_gasteiger_rigid	2450	196780	4.18	2026-09-22T14:57:24+08:00
astex	1N46_PFA	/home/qasim/vgb_bench_data/benchmarks/astex_diverse_set/1N46_PFA/1N46_PFA_protein.pdb	ok		3872	0	0	0	0		pdb2pqr_propka_ph7.4	openbabel_gasteiger_rigid	4685	376100	9.41	2026-09-22T14:57:21+08:00
astex	1OF1_SCT	/home/qasim/vgb_bench_data/benchmarks/astex_diverse_set/1OF1_SCT/1OF1_SCT_protein.pdb	ok		4737	0	10	0	0		obabel_ph7.4_fallback	openbabel_gasteiger_rigid	5794	466632	6.86	2026-09-22T14:57:24+08:00
astex	1OQ5_CEL	/home/qasim/vgb_bench_data/benchmarks/astex_diverse_set/1OQ5_CEL/1OQ5_CEL_protein.pdb	ok		2035	0	1	0	0		pdb2pqr_propka_ph7.4	openbabel_gasteiger_rigid	2484	198980	4.5	2026-09-22T14:57:30+08:00
astex	1OWE_675	/home/qasim/vgb_bench_data/benchmarks/astex_diverse_set/1OWE_675/1OWE_675_protein.pdb	ok		1934	0	15	0	0		pdb2pqr_propka_ph7.4	openbabel_gasteiger_rigid	2379	190580	4.32	2026-09-22T14:57:31+08:00
astex	1OPK_P16	/home/qasim/vgb_bench_data/benchmarks/astex_diverse_set/1OPK_P16/1OPK_P16_protein.pdb	ok		3628	0	6	0	16	MYR	pdb2pqr_propka_ph7.4	openbabel_gasteiger_rigid	4429	354840	9.01	2026-09-22T14:57:28+08:00
astex	1OYT_FSN	/home/qasim/vgb_bench_data/benchmarks/astex_diverse_set/1OYT_FSN/1OYT_FSN_protein.pdb	ok		2285	0	9	0	0		pdb2pqr_propka_ph7.4	openbabel_gasteiger_rigid	2815	225980	4.23	2026-09-22T14:57:34+08:00
astex	1P62_GEO	/home/qasim/vgb_bench_data/benchmarks/astex_diverse_set/1P62_GEO/1P62_GEO_protein.pdb	ok		1919	0	1	0	27	ADP	pdb2pqr_propka_ph7.4	openbabel_gasteiger_rigid	2368	190220	4.53	2026-09-22T14:57:37+08:00
astex	1P2Y_NCT	/home/qasim/vgb_bench_data/benchmarks/astex_diverse_set/1P2Y_NCT/1P2Y_NCT_protein.pdb	ok		3270	0	0	0	43	HEM	pdb2pqr_propka_ph7.4	openbabel_gasteiger_rigid	3963	317300	7.3	2026-09-22T14:57:35+08:00
astex	1PMN_984	/home/qasim/vgb_bench_data/benchmarks/astex_diverse_set/1PMN_984/1PMN_984_protein.pdb	ok		2774	0	0	0	0		pdb2pqr_propka_ph7.4	openbabel_gasteiger_rigid	3409	273760	6.34	2026-09-22T14:57:39+08:00
astex	1Q41_IXM	/home/qasim/vgb_bench_data/benchmarks/astex_diverse_set/1Q41_IXM/1Q41_IXM_protein.pdb	ok		5428	0	0	0	0		pdb2pqr_propka_ph7.4	openbabel_gasteiger_rigid	6683	535940	18.55	2026-09-22T14:57:43+08:00
astex	1N1M_A3M	/home/qasim/vgb_bench_data/benchmarks/astex_diverse_set/1N1M_A3M/1N1M_A3M_protein.pdb	ok		12311	0	4	0	399	BMA,FUC,MAN,NAG,NDG	pdb2pqr_propka_ph7.4	openbabel_gasteiger_rigid	14925	1197120	52.31	2026-09-22T14:57:09+08:00
astex	1R55_097	/home/qasim/vgb_bench_data/benchmarks/astex_diverse_set/1R55_097/1R55_097_protein.pdb	ok		1598	0	4	0	61	MAN,NAG	pdb2pqr_propka_ph7.4	openbabel_gasteiger_rigid	1985	159320	3.43	2026-09-22T14:58:02+08:00
astex	1R58_AO5	/home/qasim/vgb_bench_data/benchmarks/astex_diverse_set/1R58_AO5/1R58_AO5_protein.pdb	ok		2895	0	2	0	0		pdb2pqr_propka_ph7.4	openbabel_gasteiger_rigid	3548	284100	6.45	2026-09-22T14:58:05+08:00
astex	1Q4G_BFL	/home/qasim/vgb_bench_data/benchmarks/astex_diverse_set/1Q4G_BFL/1Q4G_BFL_protein.pdb	ok		9348	0	190	0	364	BMA,HEM,MAN,NAG,NDG	pdb2pqr_propka_ph7.4	openbabel_gasteiger_rigid	11239	900940	30.5	2026-09-22T14:57:45+08:00
astex	1R1H_BIR	/home/qasim/vgb_bench_data/benchmarks/astex_diverse_set/1R1H_BIR/1R1H_BIR_protein.pdb	ok		5637	0	1	0	42	NAG	pdb2pqr_propka_ph7.4	openbabel_gasteiger_rigid	6917	554660	15.51	2026-09-22T14:58:01+08:00
astex	1R9O_FLP	/home/qasim/vgb_bench_data/benchmarks/astex_diverse_set/1R9O_FLP/1R9O_FLP_protein.pdb	ok		3693	0	6	0	43	HEM	pdb2pqr_propka_ph7.4	openbabel_gasteiger_rigid	4486	359660	5.65	2026-09-22T14:58:12+08:00
astex	1S19_MC9	/home/qasim/vgb_bench_data/benchmarks/astex_diverse_set/1S19_MC9/1S19_MC9_protein.pdb	ok		2012	0	0	0	0		pdb2pqr_propka_ph7.4	openbabel_gasteiger_rigid	2457	196820	3.15	2026-09-22T14:58:16+08:00
astex	1S3V_TQD	/home/qasim/vgb_bench_data/benchmarks/astex_diverse_set/1S3V_TQD/1S3V_TQD_protein.pdb	ok		1502	0	10	0	0		pdb2pqr_propka_ph7.4	openbabel_gasteiger_rigid	1835	147060	2.25	2026-09-22T14:58:17+08:00
astex	1SJ0_E4D	/home/qasim/vgb_bench_data/benchmarks/astex_diverse_set/1SJ0_E4D/1SJ0_E4D_protein.pdb	ok		1934	0	0	0	0		pdb2pqr_propka_ph7.4	openbabel_gasteiger_rigid	2346	188200	2.89	2026-09-22T14:58:19+08:00
astex	1SG0_STL	/home/qasim/vgb_bench_data/benchmarks/astex_diverse_set/1SG0_STL/1SG0_STL_protein.pdb	ok		3754	0	2	0	106	FAD	pdb2pqr_propka_ph7.4	openbabel_gasteiger_rigid	4538	364080	6.12	2026-09-22T14:58:17+08:00
astex	1Q1G_MTI	/home/qasim/vgb_bench_data/benchmarks/astex_diverse_set/1Q1G_MTI/1Q1G_MTI_protein.pdb	ok		11166	0	146	0	0		pdb2pqr_propka_ph7.4	openbabel_gasteiger_rigid	13689	1096680	45.6	2026-09-22T14:57:41+08:00
astex	1T40_ID5	/home/qasim/vgb_bench_data/benchmarks/astex_diverse_set/1T40_ID5/1T40_ID5_protein.pdb	ok		2573	0	0	0	48	NAP	pdb2pqr_propka_ph7.4	openbabel_gasteiger_rigid	3122	250280	4.66	2026-09-22T14:58:23+08:00
astex	1SQN_NDR	/home/qasim/vgb_bench_data/benchmarks/astex_diverse_set/1SQN_NDR/1SQN_NDR_protein.pdb	ok		3967	0	0	0	0		pdb2pqr_propka_ph7.4	openbabel_gasteiger_rigid	4911	394180	7.2	2026-09-22T14:58:22+08:00
astex	1TOW_CRZ	/home/qasim/vgb_bench_data/benchmarks/astex_diverse_set/1TOW_CRZ/1TOW_CRZ_protein.pdb	ok		1022	0	0	0	0		pdb2pqr_propka_ph7.4	openbabel_gasteiger_rigid	1266	101540	2.12	2026-09-22T14:58:29+08:00
astex	1T46_STI	/home/qasim/vgb_bench_data/benchmarks/astex_diverse_set/1T46_STI/1T46_STI_protein.pdb	ok		2359	0	10	0	0		pdb2pqr_propka_ph7.4	openbabel_gasteiger_rigid	2879	230840	4.48	2026-09-22T14:58:27+08:00
astex	1TZ8_DES	/home/qasim/vgb_bench_data/benchmarks/astex_diverse_set/1TZ8_DES/1TZ8_DES_protein.pdb	ok		3424	0	24	0	0		pdb2pqr_propka_ph7.4	openbabel_gasteiger_rigid	4318	346480	6.76	2026-09-22T14:58:32+08:00
astex	1TT1_KAI	/home/qasim/vgb_bench_data/benchmarks/astex_diverse_set/1TT1_KAI/1TT1_KAI_protein.pdb	ok		4024	0	0	0	0		pdb2pqr_propka_ph7.4	openbabel_gasteiger_rigid	4940	395720	8.33	2026-09-22T14:58:31+08:00
astex	1SQ5_PAU	/home/qasim/vgb_bench_data/benchmarks/astex_diverse_set/1SQ5_PAU/1SQ5_PAU_protein.pdb	ok		9758	0	0	0	108	ADP	pdb2pqr_propka_ph7.4	openbabel_gasteiger_rigid	12098	973300	26.55	2026-09-22T14:58:19+08:00
astex	1U4D_DBQ	/home/qasim/vgb_bench_data/benchmarks/astex_diverse_set/1U4D_DBQ/1U4D_DBQ_protein.pdb	ok		4168	0	1	0	0		pdb2pqr_propka_ph7.4	openbabel_gasteiger_rigid	5091	409100	6.59	2026-09-22T14:58:39+08:00
astex	1T9B_1CS	/home/qasim/vgb_bench_data/benchmarks/astex_diverse_set/1T9B_1CS/1T9B_1CS_protein.pdb	ok		9084	0	4	0	155	FAD,NSP,P22,P25,YF3	pdb2pqr_propka_ph7.4	openbabel_gasteiger_rigid	11129	892920	22.0	2026-09-22T14:58:28+08:00
astex	1UML_FR4	/home/qasim/vgb_bench_data/benchmarks/astex_diverse_set/1UML_FR4/1UML_FR4_protein.pdb	ok		2789	0	1	0	0		pdb2pqr_propka_ph7.4	openbabel_gasteiger_rigid	3403	272500	5.68	2026-09-22T14:58:46+08:00
astex	1UOU_CMU	/home/qasim/vgb_bench_data/benchmarks/astex_diverse_set/1UOU_CMU/1UOU_CMU_protein.pdb	ok		3188	0	0	0	0		obabel_ph7.4_fallback	openbabel_gasteiger_rigid	3925	315167	6.56	2026-09-22T14:58:50+08:00
astex	1UNL_RRC	/home/qasim/vgb_bench_data/benchmarks/astex_diverse_set/1UNL_RRC/1UNL_RRC_protein.pdb	ok		7096	0	0	0	0		obabel_ph7.4_fallback	openbabel_gasteiger_rigid	8722	699316	14.26	2026-09-22T14:58:46+08:00
astex	1V48_HA1	/home/qasim/vgb_bench_data/benchmarks/astex_diverse_set/1V48_HA1/1V48_HA1_protein.pdb	ok		2034	0	2	0	0		pdb2pqr_propka_ph7.4	openbabel_gasteiger_rigid	2509	201500	3.49	2026-09-22T14:58:57+08:00
astex	1V0P_PVB	/home/qasim/vgb_bench_data/benchmarks/astex_diverse_set/1V0P_PVB/1V0P_PVB_protein.pdb	ok		4309	0	0	0	0		pdb2pqr_propka_ph7.4	openbabel_gasteiger_rigid	5253	421800	9.12	2026-09-22T14:58:51+08:00
astex	1VCJ_IBA	/home/qasim/vgb_bench_data/benchmarks/astex_diverse_set/1VCJ_IBA/1VCJ_IBA_protein.pdb	ok		3031	0	0	0	0		pdb2pqr_propka_ph7.4	openbabel_gasteiger_rigid	3717	297620	4.81	2026-09-22T14:59:00+08:00
astex	1OF6_DTY	/home/qasim/vgb_bench_data/benchmarks/astex_diverse_set/1OF6_DTY/1OF6_DTY_protein.pdb	ok		20826	0	8	0	0		pdb2pqr_propka_ph7.4	openbabel_gasteiger_rigid	25798	2069560	100.83	2026-09-22T14:57:25+08:00
astex	1V4S_MRK	/home/qasim/vgb_bench_data/benchmarks/astex_diverse_set/1V4S_MRK/1V4S_MRK_protein.pdb	ok		3517	0	1	0	12	GLC	pdb2pqr_propka_ph7.4	openbabel_gasteiger_rigid	4318	345960	6.38	2026-09-22T14:59:00+08:00
astex	1W2G_THM	/home/qasim/vgb_bench_data/benchmarks/astex_diverse_set/1W2G_THM/1W2G_THM_protein.pdb	ok		2905	0	12	0	0		obabel_ph7.4_fallback	openbabel_gasteiger_rigid	3573	287396	2.34	2026-09-22T14:59:05+08:00
astex	1U1C_BAU	/home/qasim/vgb_bench_data/benchmarks/astex_diverse_set/1U1C_BAU/1U1C_BAU_protein.pdb	ok		11211	0	33	0	0		pdb2pqr_propka_ph7.4	openbabel_gasteiger_rigid	13768	1103260	30.39	2026-09-22T14:58:38+08:00
astex	1X8X_TYR	/home/qasim/vgb_bench_data/benchmarks/astex_diverse_set/1X8X_TYR/1X8X_TYR_protein.pdb	ok		2544	0	5	0	0		pdb2pqr_propka_ph7.4	openbabel_gasteiger_rigid	3121	249940	3.81	2026-09-22T14:59:06+08:00
astex	1Y6B_AAX	/home/qasim/vgb_bench_data/benchmarks/astex_diverse_set/1Y6B_AAX/1Y6B_AAX_protein.pdb	ok		2135	0	0	0	0		pdb2pqr_propka_ph7.4	openbabel_gasteiger_rigid	2613	210340	3.24	2026-09-22T14:59:09+08:00
astex	1W1P_GIO	/home/qasim/vgb_bench_data/benchmarks/astex_diverse_set/1W1P_GIO/1W1P_GIO_protein.pdb	ok		7815	0	150	0	0		obabel_ph7.4_fallback	openbabel_gasteiger_rigid	9553	765018	14.18	2026-09-22T14:59:00+08:00
astex	1XOZ_CIA	/home/qasim/vgb_bench_data/benchmarks/astex_diverse_set/1XOZ_CIA/1XOZ_CIA_protein.pdb	ok		2637	0	2	0	0		pdb2pqr_propka_ph7.4	openbabel_gasteiger_rigid	3230	259180	7.37	2026-09-22T14:59:09+08:00
astex	1XOQ_ROF	/home/qasim/vgb_bench_data/benchmarks/astex_diverse_set/1XOQ_ROF/1XOQ_ROF_protein.pdb	ok		5253	0	100	0	0		pdb2pqr_propka_ph7.4	openbabel_gasteiger_rigid	6384	511500	8.97	2026-09-22T14:59:07+08:00
astex	1XM6_5RM	/home/qasim/vgb_bench_data/benchmarks/astex_diverse_set/1XM6_5RM/1XM6_5RM_protein.pdb	ok		5467	0	4	0	0		pdb2pqr_propka_ph7.4	openbabel_gasteiger_rigid	6622	532100	9.99	2026-09-22T14:59:06+08:00
astex	1YGC_905	/home/qasim/vgb_bench_data/benchmarks/astex_diverse_set/1YGC_905/1YGC_905_protein.pdb	ok		2368	0	37	0	0		pdb2pqr_propka_ph7.4	openbabel_gasteiger_rigid	2892	231620	4.07	2026-09-22T14:59:13+08:00
astex	1Z95_198	/home/qasim/vgb_bench_data/benchmarks/astex_diverse_set/1Z95_198/1Z95_198_protein.pdb	ok		1946	0	5	0	0		pdb2pqr_propka_ph7.4	openbabel_gasteiger_rigid	2365	189720	2.7	2026-09-22T14:59:17+08:00
astex	1YWR_LI9	/home/qasim/vgb_bench_data/benchmarks/astex_diverse_set/1YWR_LI9/1YWR_LI9_protein.pdb	ok		2728	0	0	0	0		pdb2pqr_propka_ph7.4	openbabel_gasteiger_rigid	3329	267100	4.02	2026-09-22T14:59:16+08:00
astex	1YQY_915	/home/qasim/vgb_bench_data/benchmarks/astex_diverse_set/1YQY_915/1YQY_915_protein.pdb	ok		4163	0	1	0	0		pdb2pqr_propka_ph7.4	openbabel_gasteiger_rigid	5223	418100	7.84	2026-09-22T14:59:15+08:00
astex	2BR1_PFP	/home/qasim/vgb_bench_data/benchmarks/astex_diverse_set/2BR1_PFP/2BR1_PFP_protein.pdb	ok		2208	0	9	0	0		pdb2pqr_propka_ph7.4	openbabel_gasteiger_rigid	2700	216780	3.09	2026-09-22T14:59:20+08:00
astex	2BSM_BSM	/home/qasim/vgb_bench_data/benchmarks/astex_diverse_set/2BSM_BSM/2BSM_BSM_protein.pdb	ok		1628	0	0	0	0		obabel_ph7.4_fallback	openbabel_gasteiger_rigid	1997	160149	1.19	2026-09-22T14:59:22+08:00
astex	1YVF_PH7	/home/qasim/vgb_bench_data/benchmarks/astex_diverse_set/1YVF_PH7/1YVF_PH7_protein.pdb	ok		4390	0	30	0	0		pdb2pqr_propka_ph7.4	openbabel_gasteiger_rigid	5433	434900	8.39	2026-09-22T14:59:16+08:00
astex	1YV3_BIT	/home/qasim/vgb_bench_data/benchmarks/astex_diverse_set/1YV3_BIT/1YV3_BIT_protein.pdb	ok		5488	0	11	0	27	ADP	pdb2pqr_propka_ph7.4	openbabel_gasteiger_rigid	7007	562900	9.62	2026-09-22T14:59:16+08:00
astex	2BM2_PM2	/home/qasim/vgb_bench_data/benchmarks/astex_diverse_set/2BM2_PM2/2BM2_PM2_protein.pdb	ok		7648	0	0	0	0		obabel_ph7.4_fallback	openbabel_gasteiger_rigid	9256	742036	8.62	2026-09-22T14:59:19+08:00
posebusters	8F4J_PHO	/home/qasim/vgb_bench_data/benchmarks/posebusters_benchmark_set/8F4J_PHO/8F4J_PHO_protein.pdb	ok		49884	0	6	0	8284	BCR,BCT,CLA,DGD,HEC,HEM,LHG,LMG,OEY,PL9,SQD,STE	pdb2pqr_propka_ph7.4	openbabel_gasteiger_rigid	58384	4726846	271.23	2026-09-22T14:56:04+08:00
