dataset	key	stage	reason	recorded
posebusters	5S8I_2LY	02_fetch_benchmarks	in the 428-complex preprint archive but not in the 308-complex published set; removed by the authors during peer review for crystal contacts	2026-09-22
posebusters	6VS3_R6V	02_fetch_benchmarks	in the 428-complex preprint archive but not in the 308-complex published set; removed by the authors during peer review for crystal contacts	2026-09-22
posebusters	6W59_SZD	02_fetch_benchmarks	in the 428-complex preprint archive but not in the 308-complex published set; removed by the authors during peer review for crystal contacts	2026-09-22
posebusters	6X8D_ARA	02_fetch_benchmarks	in the 428-complex preprint archive but not in the 308-complex published set; removed by the authors during peer review for crystal contacts	2026-09-22
posebusters	6XAF_GDP	02_fetch_benchmarks	in the 428-complex preprint archive but not in the 308-complex published set; removed by the authors during peer review for crystal contacts	2026-09-22
posebusters	6XUM_30L	02_fetch_benchmarks	in the 428-complex preprint archive but not in the 308-complex published set; removed by the authors during peer review for crystal contacts	2026-09-22
posebusters	6Y7L_QMG	02_fetch_benchmarks	in the 428-complex preprint archive but not in the 308-complex published set; removed by the authors during peer review for crystal contacts	2026-09-22
posebusters	6YDY_K73	02_fetch_benchmarks	in the 428-complex preprint archive but not in the 308-complex published set; removed by the authors during peer review for crystal contacts	2026-09-22
posebusters	6Z5Z_BDF	02_fetch_benchmarks	in the 428-complex preprint archive but not in the 308-complex published set; removed by the authors during peer review for crystal contacts	2026-09-22
posebusters	6ZR8_QOZ	02_fetch_benchmarks	in the 428-complex preprint archive but not in the 308-complex published set; removed by the authors during peer review for crystal contacts	2026-09-22
posebusters	6ZT2_QPK	02_fetch_benchmarks	in the 428-complex preprint archive but not in the 308-complex published set; removed by the authors during peer review for crystal contacts	2026-09-22
posebusters	6ZX3_QRZ	02_fetch_benchmarks	in the 428-complex preprint archive but not in the 308-complex published set; removed by the authors during peer review for crystal contacts	2026-09-22
posebusters	6ZXQ_IMO	02_fetch_benchmarks	in the 428-complex preprint archive but not in the 308-complex published set; removed by the authors during peer review for crystal contacts	2026-09-22
posebusters	7AA0_R6B	02_fetch_benchmarks	in the 428-complex preprint archive but not in the 308-complex published set; removed by the authors during peer review for crystal contacts	2026-09-22
posebusters	7AMC_73B	02_fetch_benchmarks	in the 428-complex preprint archive but not in the 308-complex published set; removed by the authors during peer review for crystal contacts	2026-09-22
posebusters	7AS1_21G	02_fetch_benchmarks	in the 428-complex preprint archive but not in the 308-complex published set; removed by the authors during peer review for crystal contacts	2026-09-22
posebusters	7AVI_S2Q	02_fetch_benchmarks	in the 428-complex preprint archive but not in the 308-complex published set; removed by the authors during peer review for crystal contacts	2026-09-22
posebusters	7B0E_C2E	02_fetch_benchmarks	in the 428-complex preprint archive but not in the 308-complex published set; removed by the authors during peer review for crystal contacts	2026-09-22
posebusters	7BA0_T5H	02_fetch_benchmarks	in the 428-complex preprint archive but not in the 308-complex published set; removed by the authors during peer review for crystal contacts	2026-09-22
posebusters	7BHX_TO5	02_fetch_benchmarks	in the 428-complex preprint archive but not in the 308-complex published set; removed by the authors during peer review for crystal contacts	2026-09-22
posebusters	7BJ6_TVK	02_fetch_benchmarks	in the 428-complex preprint archive but not in the 308-complex published set; removed by the authors during peer review for crystal contacts	2026-09-22
posebusters	7BLA_WCS	02_fetch_benchmarks	in the 428-complex preprint archive but not in the 308-complex published set; removed by the authors during peer review for crystal contacts	2026-09-22
posebusters	7BLG_GAL	02_fetch_benchmarks	in the 428-complex preprint archive but not in the 308-complex published set; removed by the authors during peer review for crystal contacts	2026-09-22
posebusters	7C6P_SQH	02_fetch_benchmarks	in the 428-complex preprint archive but not in the 308-complex published set; removed by the authors during peer review for crystal contacts	2026-09-22
posebusters	7D0P_1VU	02_fetch_benchmarks	in the 428-complex preprint archive but not in the 308-complex published set; removed by the authors during peer review for crystal contacts	2026-09-22
posebusters	7D8Q_GZF	02_fetch_benchmarks	in the 428-complex preprint archive but not in the 308-complex published set; removed by the authors during peer review for crystal contacts	2026-09-22
posebusters	7D9L_GSF	02_fetch_benchmarks	in the 428-complex preprint archive but not in the 308-complex published set; removed by the authors during peer review for crystal contacts	2026-09-22
posebusters	7DIN_MPO	02_fetch_benchmarks	in the 428-complex preprint archive but not in the 308-complex published set; removed by the authors during peer review for crystal contacts	2026-09-22
posebusters	7E2S_BLA	02_fetch_benchmarks	in the 428-complex preprint archive but not in the 308-complex published set; removed by the authors during peer review for crystal contacts	2026-09-22
posebusters	7EN7_J79	02_fetch_benchmarks	in the 428-complex preprint archive but not in the 308-complex published set; removed by the authors during peer review for crystal contacts	2026-09-22
posebusters	7JGW_V9S	02_fetch_benchmarks	in the 428-complex preprint archive but not in the 308-complex published set; removed by the authors during peer review for crystal contacts	2026-09-22
posebusters	7JNB_A2G	02_fetch_benchmarks	in the 428-complex preprint archive but not in the 308-complex published set; removed by the authors during peer review for crystal contacts	2026-09-22
posebusters	7JR8_VH7	02_fetch_benchmarks	in the 428-complex preprint archive but not in the 308-complex published set; removed by the authors during peer review for crystal contacts	2026-09-22
posebusters	7JUD_MMA	02_fetch_benchmarks	in the 428-complex preprint archive but not in the 308-complex published set; removed by the authors during peer review for crystal contacts	2026-09-22
posebusters	7K41_VUA	02_fetch_benchmarks	in the 428-complex preprint archive but not in the 308-complex published set; removed by the authors during peer review for crystal contacts	2026-09-22
posebusters	7KFO_IAC	02_fetch_benchmarks	in the 428-complex preprint archive but not in the 308-complex published set; removed by the authors during peer review for crystal contacts	2026-09-22
posebusters	7KLX_WOV	02_fetch_benchmarks	in the 428-complex preprint archive but not in the 308-complex published set; removed by the authors during peer review for crystal contacts	2026-09-22
posebusters	7KP6_WTP	02_fetch_benchmarks	in the 428-complex preprint archive but not in the 308-complex published set; removed by the authors during peer review for crystal contacts	2026-09-22
posebusters	7L6D_BMF	02_fetch_benchmarks	in the 428-complex preprint archive but not in the 308-complex published set; removed by the authors during peer review for crystal contacts	2026-09-22
posebusters	7L81_UD4	02_fetch_benchmarks	in the 428-complex preprint archive but not in the 308-complex published set; removed by the authors during peer review for crystal contacts	2026-09-22
posebusters	7LB3_XXS	02_fetch_benchmarks	in the 428-complex preprint archive but not in the 308-complex published set; removed by the authors during peer review for crystal contacts	2026-09-22
posebusters	7LZQ_YJV	02_fetch_benchmarks	in the 428-complex preprint archive but not in the 308-complex published set; removed by the authors during peer review for crystal contacts	2026-09-22
posebusters	7M41_YQG	02_fetch_benchmarks	in the 428-complex preprint archive but not in the 308-complex published set; removed by the authors during peer review for crystal contacts	2026-09-22
posebusters	7MAE_XUS	02_fetch_benchmarks	in the 428-complex preprint archive but not in the 308-complex published set; removed by the authors during peer review for crystal contacts	2026-09-22
posebusters	7MEU_MGP	02_fetch_benchmarks	in the 428-complex preprint archive but not in the 308-complex published set; removed by the authors during peer review for crystal contacts	2026-09-22
posebusters	7MRH_ZMJ	02_fetch_benchmarks	in the 428-complex preprint archive but not in the 308-complex published set; removed by the authors during peer review for crystal contacts	2026-09-22
posebusters	7MS7_ZQ1	02_fetch_benchmarks	in the 428-complex preprint archive but not in the 308-complex published set; removed by the authors during peer review for crystal contacts	2026-09-22
posebusters	7MZS_GLA	02_fetch_benchmarks	in the 428-complex preprint archive but not in the 308-complex published set; removed by the authors during peer review for crystal contacts	2026-09-22
posebusters	7NA4_1I9	02_fetch_benchmarks	in the 428-complex preprint archive but not in the 308-complex published set; removed by the authors during peer review for crystal contacts	2026-09-22
posebusters	7NB4_U6Q	02_fetch_benchmarks	in the 428-complex preprint archive but not in the 308-complex published set; removed by the authors during peer review for crystal contacts	2026-09-22
posebusters	7NLK_UHK	02_fetch_benchmarks	in the 428-complex preprint archive but not in the 308-complex published set; removed by the authors during peer review for crystal contacts	2026-09-22
posebusters	7NML_I7B	02_fetch_benchmarks	in the 428-complex preprint archive but not in the 308-complex published set; removed by the authors during peer review for crystal contacts	2026-09-22
posebusters	7NR6_UO8	02_fetch_benchmarks	in the 428-complex preprint archive but not in the 308-complex published set; removed by the authors during peer review for crystal contacts	2026-09-22
posebusters	7NTG_F6R	02_fetch_benchmarks	in the 428-complex preprint archive but not in the 308-complex published set; removed by the authors during peer review for crystal contacts	2026-09-22
posebusters	7OCB_V88	02_fetch_benchmarks	in the 428-complex preprint archive but not in the 308-complex published set; removed by the authors during peer review for crystal contacts	2026-09-22
posebusters	7ODX_DGP	02_fetch_benchmarks	in the 428-complex preprint archive but not in the 308-complex published set; removed by the authors during peer review for crystal contacts	2026-09-22
posebusters	7OKC_VFE	02_fetch_benchmarks	in the 428-complex preprint archive but not in the 308-complex published set; removed by the authors during peer review for crystal contacts	2026-09-22
posebusters	7OKF_VH5	02_fetch_benchmarks	in the 428-complex preprint archive but not in the 308-complex published set; removed by the authors during peer review for crystal contacts	2026-09-22
posebusters	7OLT_58J	02_fetch_benchmarks	in the 428-complex preprint archive but not in the 308-complex published set; removed by the authors during peer review for crystal contacts	2026-09-22
posebusters	7OMJ_GCP	02_fetch_benchmarks	in the 428-complex preprint archive but not in the 308-complex published set; removed by the authors during peer review for crystal contacts	2026-09-22
posebusters	7ORW_7WA	02_fetch_benchmarks	in the 428-complex preprint archive but not in the 308-complex published set; removed by the authors during peer review for crystal contacts	2026-09-22
posebusters	7OU8_1XI	02_fetch_benchmarks	in the 428-complex preprint archive but not in the 308-complex published set; removed by the authors during peer review for crystal contacts	2026-09-22
posebusters	7P2W_4QR	02_fetch_benchmarks	in the 428-complex preprint archive but not in the 308-complex published set; removed by the authors during peer review for crystal contacts	2026-09-22
posebusters	7P4J_5JK	02_fetch_benchmarks	in the 428-complex preprint archive but not in the 308-complex published set; removed by the authors during peer review for crystal contacts	2026-09-22
posebusters	7P4V_DAT	02_fetch_benchmarks	in the 428-complex preprint archive but not in the 308-complex published set; removed by the authors during peer review for crystal contacts	2026-09-22
posebusters	7P85_5ZG	02_fetch_benchmarks	in the 428-complex preprint archive but not in the 308-complex published set; removed by the authors during peer review for crystal contacts	2026-09-22
posebusters	7PA4_C	02_fetch_benchmarks	in the 428-complex preprint archive but not in the 308-complex published set; removed by the authors during peer review for crystal contacts	2026-09-22
posebusters	7Q19_DSM	02_fetch_benchmarks	in the 428-complex preprint archive but not in the 308-complex published set; removed by the authors during peer review for crystal contacts	2026-09-22
posebusters	7QK0_EBL	02_fetch_benchmarks	in the 428-complex preprint archive but not in the 308-complex published set; removed by the authors during peer review for crystal contacts	2026-09-22
posebusters	7QSW_CAP	02_fetch_benchmarks	in the 428-complex preprint archive but not in the 308-complex published set; removed by the authors during peer review for crystal contacts	2026-09-22
posebusters	7REE_4LY	02_fetch_benchmarks	in the 428-complex preprint archive but not in the 308-complex published set; removed by the authors during peer review for crystal contacts	2026-09-22
posebusters	7RH8_UTP	02_fetch_benchmarks	in the 428-complex preprint archive but not in the 308-complex published set; removed by the authors during peer review for crystal contacts	2026-09-22
posebusters	7RPZ_6IC	02_fetch_benchmarks	in the 428-complex preprint archive but not in the 308-complex published set; removed by the authors during peer review for crystal contacts	2026-09-22
posebusters	7RUI_7QZ	02_fetch_benchmarks	in the 428-complex preprint archive but not in the 308-complex published set; removed by the authors during peer review for crystal contacts	2026-09-22
posebusters	7RWO_7WN	02_fetch_benchmarks	in the 428-complex preprint archive but not in the 308-complex published set; removed by the authors during peer review for crystal contacts	2026-09-22
posebusters	7S45_ACO	02_fetch_benchmarks	in the 428-complex preprint archive but not in the 308-complex published set; removed by the authors during peer review for crystal contacts	2026-09-22
posebusters	7S9H_7PP	02_fetch_benchmarks	in the 428-complex preprint archive but not in the 308-complex published set; removed by the authors during peer review for crystal contacts	2026-09-22
posebusters	7SED_8VD	02_fetch_benchmarks	in the 428-complex preprint archive but not in the 308-complex published set; removed by the authors during peer review for crystal contacts	2026-09-22
posebusters	7SGV_L30	02_fetch_benchmarks	in the 428-complex preprint archive but not in the 308-complex published set; removed by the authors during peer review for crystal contacts	2026-09-22
posebusters	7SNE_9XR	02_fetch_benchmarks	in the 428-complex preprint archive but not in the 308-complex published set; removed by the authors during peer review for crystal contacts	2026-09-22
posebusters	7SSM_B7L	02_fetch_benchmarks	in the 428-complex preprint archive but not in the 308-complex published set; removed by the authors during peer review for crystal contacts	2026-09-22
posebusters	7T0U_E3I	02_fetch_benchmarks	in the 428-complex preprint archive but not in the 308-complex published set; removed by the authors during peer review for crystal contacts	2026-09-22
posebusters	7T2I_E9F	02_fetch_benchmarks	in the 428-complex preprint archive but not in the 308-complex published set; removed by the authors during peer review for crystal contacts	2026-09-22
posebusters	7T3F_EM0	02_fetch_benchmarks	in the 428-complex preprint archive but not in the 308-complex published set; removed by the authors during peer review for crystal contacts	2026-09-22
posebusters	7T9O_GEI	02_fetch_benchmarks	in the 428-complex preprint archive but not in the 308-complex published set; removed by the authors during peer review for crystal contacts	2026-09-22
posebusters	7TWC_CXS	02_fetch_benchmarks	in the 428-complex preprint archive but not in the 308-complex published set; removed by the authors during peer review for crystal contacts	2026-09-22
posebusters	7TXP_0FX	02_fetch_benchmarks	in the 428-complex preprint archive but not in the 308-complex published set; removed by the authors during peer review for crystal contacts	2026-09-22
posebusters	7UEY_N0R	02_fetch_benchmarks	in the 428-complex preprint archive but not in the 308-complex published set; removed by the authors during peer review for crystal contacts	2026-09-22
posebusters	7UF2_5SP	02_fetch_benchmarks	in the 428-complex preprint archive but not in the 308-complex published set; removed by the authors during peer review for crystal contacts	2026-09-22
posebusters	7UMV_NUU	02_fetch_benchmarks	in the 428-complex preprint archive but not in the 308-complex published set; removed by the authors during peer review for crystal contacts	2026-09-22
posebusters	7UP3_NZ0	02_fetch_benchmarks	in the 428-complex preprint archive but not in the 308-complex published set; removed by the authors during peer review for crystal contacts	2026-09-22
posebusters	7V8Z_5YH	02_fetch_benchmarks	in the 428-complex preprint archive but not in the 308-complex published set; removed by the authors during peer review for crystal contacts	2026-09-22
posebusters	7VJT_7IJ	02_fetch_benchmarks	in the 428-complex preprint archive but not in the 308-complex published set; removed by the authors during peer review for crystal contacts	2026-09-22
posebusters	7W6F_8I6	02_fetch_benchmarks	in the 428-complex preprint archive but not in the 308-complex published set; removed by the authors during peer review for crystal contacts	2026-09-22
posebusters	7WN5_JGL	02_fetch_benchmarks	in the 428-complex preprint archive but not in the 308-complex published set; removed by the authors during peer review for crystal contacts	2026-09-22
posebusters	7XEK_9YX	02_fetch_benchmarks	in the 428-complex preprint archive but not in the 308-complex published set; removed by the authors during peer review for crystal contacts	2026-09-22
posebusters	7XIJ_EJ3	02_fetch_benchmarks	in the 428-complex preprint archive but not in the 308-complex published set; removed by the authors during peer review for crystal contacts	2026-09-22
posebusters	7ZXZ_K9R	02_fetch_benchmarks	in the 428-complex preprint archive but not in the 308-complex published set; removed by the authors during peer review for crystal contacts	2026-09-22
posebusters	7ZYS_KNR	02_fetch_benchmarks	in the 428-complex preprint archive but not in the 308-complex published set; removed by the authors during peer review for crystal contacts	2026-09-22
posebusters	7ZZB_KGX	02_fetch_benchmarks	in the 428-complex preprint archive but not in the 308-complex published set; removed by the authors during peer review for crystal contacts	2026-09-22
posebusters	8ACL_LQL	02_fetch_benchmarks	in the 428-complex preprint archive but not in the 308-complex published set; removed by the authors during peer review for crystal contacts	2026-09-22
posebusters	8AEU_M0L	02_fetch_benchmarks	in the 428-complex preprint archive but not in the 308-complex published set; removed by the authors during peer review for crystal contacts	2026-09-22
posebusters	8AIJ_M9I	02_fetch_benchmarks	in the 428-complex preprint archive but not in the 308-complex published set; removed by the authors during peer review for crystal contacts	2026-09-22
posebusters	8AJX_FUM	02_fetch_benchmarks	in the 428-complex preprint archive but not in the 308-complex published set; removed by the authors during peer review for crystal contacts	2026-09-22
posebusters	8BN6_R53	02_fetch_benchmarks	in the 428-complex preprint archive but not in the 308-complex published set; removed by the authors during peer review for crystal contacts	2026-09-22
posebusters	8BPL_CP	02_fetch_benchmarks	in the 428-complex preprint archive but not in the 308-complex published set; removed by the authors during peer review for crystal contacts	2026-09-22
posebusters	8BRO_R7E	02_fetch_benchmarks	in the 428-complex preprint archive but not in the 308-complex published set; removed by the authors during peer review for crystal contacts	2026-09-22
posebusters	8C5D_GTB	02_fetch_benchmarks	in the 428-complex preprint archive but not in the 308-complex published set; removed by the authors during peer review for crystal contacts	2026-09-22
posebusters	8C7Y_TXV	02_fetch_benchmarks	in the 428-complex preprint archive but not in the 308-complex published set; removed by the authors during peer review for crystal contacts	2026-09-22
posebusters	8CGC_LMR	02_fetch_benchmarks	in the 428-complex preprint archive but not in the 308-complex published set; removed by the authors during peer review for crystal contacts	2026-09-22
posebusters	8CI0_8EL	02_fetch_benchmarks	in the 428-complex preprint archive but not in the 308-complex published set; removed by the authors during peer review for crystal contacts	2026-09-22
posebusters	8DW5_FQ7	02_fetch_benchmarks	in the 428-complex preprint archive but not in the 308-complex published set; removed by the authors during peer review for crystal contacts	2026-09-22
posebusters	8DZT_G4P	02_fetch_benchmarks	in the 428-complex preprint archive but not in the 308-complex published set; removed by the authors during peer review for crystal contacts	2026-09-22
posebusters	8E77_ULP	02_fetch_benchmarks	in the 428-complex preprint archive but not in the 308-complex published set; removed by the authors during peer review for crystal contacts	2026-09-22
posebusters	8EAD_UY0	02_fetch_benchmarks	in the 428-complex preprint archive but not in the 308-complex published set; removed by the authors during peer review for crystal contacts	2026-09-22
posebusters	8ERS_WQO	02_fetch_benchmarks	in the 428-complex preprint archive but not in the 308-complex published set; removed by the authors during peer review for crystal contacts	2026-09-22
posebusters	8FLN_Y7W	02_fetch_benchmarks	in the 428-complex preprint archive but not in the 308-complex published set; removed by the authors during peer review for crystal contacts	2026-09-22
posebusters	8FV9_80J	02_fetch_benchmarks	in the 428-complex preprint archive but not in the 308-complex published set; removed by the authors during peer review for crystal contacts	2026-09-22
posebusters	8G43_ZU6	02_fetch_benchmarks	in the 428-complex preprint archive but not in the 308-complex published set; removed by the authors during peer review for crystal contacts	2026-09-22
posebusters	8H0M_2EH	02_fetch_benchmarks	in the 428-complex preprint archive but not in the 308-complex published set; removed by the authors during peer review for crystal contacts	2026-09-22
crossdock	6M73_FNR	03_build_crossdock_set	no partner survived filtering (same_ligand_only=1)	2026-09-22
crossdock	6XBO_5MC	03_build_crossdock_set	no other X-ray entry at 2.5 A or better shares a UniProt accession with this one	2026-09-22
crossdock	6XHT_V2V	03_build_crossdock_set	no partner survived filtering (no_ligand_of_interest=2, same_ligand_only=1)	2026-09-22
crossdock	6Z2C_Q5E	03_build_crossdock_set	no partner survived filtering (below_identity_cutoff=39)	2026-09-22
crossdock	6ZK5_IMH	03_build_crossdock_set	no partner survived filtering (no_ligand_of_interest=1)	2026-09-22
crossdock	7C0U_FGO	03_build_crossdock_set	no partner survived filtering (no_ligand_of_interest=1, same_ligand_only=16)	2026-09-22
crossdock	7C8Q_DSG	03_build_crossdock_set	no partner survived filtering (no_ligand_of_interest=19)	2026-09-22
crossdock	7CNQ_G8X	03_build_crossdock_set	no partner survived filtering (no_ligand_of_interest=2)	2026-09-22
crossdock	7CNS_PMV	03_build_crossdock_set	no other X-ray entry at 2.5 A or better shares a UniProt accession with this one	2026-09-22
crossdock	7CUO_PHB	03_build_crossdock_set	no UniProt cross-reference on any polymer entity, so same-protein cannot be established	2026-09-22
crossdock	7D6O_MTE	03_build_crossdock_set	query entry not returned by the RCSB Data API; probably obsoleted since the benchmark was built	2026-09-22
crossdock	7FB7_8NF	03_build_crossdock_set	no partner survived filtering (below_identity_cutoff=29)	2026-09-22
crossdock	7JMV_4NC	03_build_crossdock_set	no partner survived filtering (no_ligand_of_interest=1)	2026-09-22
crossdock	7KB1_WBJ	03_build_crossdock_set	no partner survived filtering (no_ligand_of_interest=1)	2026-09-22
crossdock	7KQU_YOF	03_build_crossdock_set	no UniProt cross-reference on any polymer entity, so same-protein cannot be established	2026-09-22
crossdock	7KZ9_XN7	03_build_crossdock_set	no partner survived filtering (no_ligand_of_interest=1)	2026-09-22
crossdock	7L00_XCJ	03_build_crossdock_set	no other X-ray entry at 2.5 A or better shares a UniProt accession with this one	2026-09-22
crossdock	7LJN_GTP	03_build_crossdock_set	no other X-ray entry at 2.5 A or better shares a UniProt accession with this one	2026-09-22
crossdock	7LMO_NYO	03_build_crossdock_set	no UniProt cross-reference on any polymer entity, so same-protein cannot be established	2026-09-22
crossdock	7LOE_Y84	03_build_crossdock_set	no partner survived filtering (below_identity_cutoff=144, no_ligand_of_interest=56)	2026-09-22
crossdock	7M3H_YPV	03_build_crossdock_set	no partner survived filtering (no_ligand_of_interest=1)	2026-09-22
crossdock	7MY1_IPE	03_build_crossdock_set	no partner survived filtering (no_ligand_of_interest=1, same_ligand_only=1)	2026-09-22
crossdock	7N4W_P4V	03_build_crossdock_set	no partner survived filtering (below_identity_cutoff=7)	2026-09-22
crossdock	7N7H_CTP	03_build_crossdock_set	no other X-ray entry at 2.5 A or better shares a UniProt accession with this one	2026-09-22
crossdock	7NFB_GEN	03_build_crossdock_set	no partner survived filtering (below_identity_cutoff=283)	2026-09-22
crossdock	7NUT_GLP	03_build_crossdock_set	no partner survived filtering (no_ligand_of_interest=1)	2026-09-22
crossdock	7ODY_DGI	03_build_crossdock_set	no other X-ray entry at 2.5 A or better shares a UniProt accession with this one	2026-09-22
crossdock	7OLI_8HG	03_build_crossdock_set	no partner survived filtering (no_ligand_of_interest=6)	2026-09-22
crossdock	7OSO_0V1	03_build_crossdock_set	no partner survived filtering (no_ligand_of_interest=2)	2026-09-22
crossdock	7OZ9_NGK	03_build_crossdock_set	no other X-ray entry at 2.5 A or better shares a UniProt accession with this one	2026-09-22
crossdock	7OZC_G6S	03_build_crossdock_set	no other X-ray entry at 2.5 A or better shares a UniProt accession with this one	2026-09-22
crossdock	7PGX_FMN	03_build_crossdock_set	no partner survived filtering (below_identity_cutoff=5, no_ligand_of_interest=1, same_ligand_only=7)	2026-09-22
crossdock	7PK0_BYC	03_build_crossdock_set	no partner survived filtering (no_ligand_of_interest=2)	2026-09-22
crossdock	7QE4_NGA	03_build_crossdock_set	no partner survived filtering (no_ligand_of_interest=1, same_ligand_only=1)	2026-09-22
crossdock	7QF4_RBF	03_build_crossdock_set	no UniProt cross-reference on any polymer entity, so same-protein cannot be established	2026-09-22
crossdock	7RC3_SAH	03_build_crossdock_set	no partner survived filtering (same_ligand_only=4)	2026-09-22
crossdock	7RWS_4UR	03_build_crossdock_set	no other X-ray entry at 2.5 A or better shares a UniProt accession with this one	2026-09-22
crossdock	7T3E_SLB	03_build_crossdock_set	no other X-ray entry at 2.5 A or better shares a UniProt accession with this one	2026-09-22
crossdock	7TB0_UD1	03_build_crossdock_set	no other X-ray entry at 2.5 A or better shares a UniProt accession with this one	2026-09-22
crossdock	7TE8_P0T	03_build_crossdock_set	no UniProt cross-reference on any polymer entity, so same-protein cannot be established	2026-09-22
crossdock	7TUO_KL9	03_build_crossdock_set	no partner survived filtering (no_ligand_of_interest=3)	2026-09-22
crossdock	7TXK_LW8	03_build_crossdock_set	no partner survived filtering (same_ligand_only=5)	2026-09-22
crossdock	7UXS_OJC	03_build_crossdock_set	no other X-ray entry at 2.5 A or better shares a UniProt accession with this one	2026-09-22
crossdock	7UY4_SMI	03_build_crossdock_set	no other X-ray entry at 2.5 A or better shares a UniProt accession with this one	2026-09-22
crossdock	7V3N_AKG	03_build_crossdock_set	no other X-ray entry at 2.5 A or better shares a UniProt accession with this one	2026-09-22
crossdock	7W05_GMP	03_build_crossdock_set	no partner survived filtering (no_ligand_of_interest=1, same_ligand_only=1)	2026-09-22
crossdock	7W06_ITN	03_build_crossdock_set	no partner survived filtering (no_ligand_of_interest=1)	2026-09-22
crossdock	7WCF_ACP	03_build_crossdock_set	no partner survived filtering (no_ligand_of_interest=4)	2026-09-22
crossdock	7WKL_CAQ	03_build_crossdock_set	no partner survived filtering (no_ligand_of_interest=5)	2026-09-22
crossdock	7WUX_6OI	03_build_crossdock_set	no partner survived filtering (no_ligand_of_interest=1)	2026-09-22
crossdock	7ZCC_OGA	03_build_crossdock_set	no other X-ray entry at 2.5 A or better shares a UniProt accession with this one	2026-09-22
crossdock	8A1H_DLZ	03_build_crossdock_set	no other X-ray entry at 2.5 A or better shares a UniProt accession with this one	2026-09-22
crossdock	8FO5_Y4U	03_build_crossdock_set	no UniProt cross-reference on any polymer entity, so same-protein cannot be established	2026-09-22
crossdock	8G6P_API	03_build_crossdock_set	no other X-ray entry at 2.5 A or better shares a UniProt accession with this one	2026-09-22
crossdock	8SLG_G5A	03_build_crossdock_set	no partner survived filtering (same_ligand_only=1)	2026-09-22
crossdock	6TW5_9M2__into__4C68	04_prepare/crossdock_align	C-alpha RMSD 21.127 A after superposition exceeds the 3.0 A limit	2026-09-22
crossdock	6YRV_PJ8__into__6YS1	04_prepare/crossdock_align	"mmCIF parse failed: PDBIOException(""Chain id ('AAA') exceeds PDB format limit."")"	2026-09-22
crossdock	6YSP_PAL__into__6YPO	04_prepare/crossdock_align	C-alpha RMSD 22.238 A after superposition exceeds the 3.0 A limit	2026-09-22
crossdock	6Z1C_7EY__into__9TFX	04_prepare/crossdock_align	"mmCIF parse failed: PDBIOException(""Chain id ('AAAA') exceeds PDB format limit."")"	2026-09-22
crossdock	6Z4N_Q7B__into__1FCJ	04_prepare/crossdock_align	C-alpha RMSD 25.252 A after superposition exceeds the 3.0 A limit	2026-09-22
crossdock	6ZC3_JOR__into__6ZBQ	04_prepare/crossdock_align	C-alpha RMSD 14.352 A after superposition exceeds the 3.0 A limit	2026-09-22
crossdock	7BKA_4JC__into__8B72	04_prepare/crossdock_align	C-alpha RMSD 34.467 A after superposition exceeds the 3.0 A limit	2026-09-22
crossdock	7E4L_MDN__into__5YSQ	04_prepare/crossdock_align	C-alpha RMSD 16.279 A after superposition exceeds the 3.0 A limit	2026-09-22
crossdock	7FHA_ADX__into__8I1O	04_prepare/crossdock_align	C-alpha RMSD 20.454 A after superposition exceeds the 3.0 A limit	2026-09-22
crossdock	7FT9_4MB__into__9V90	04_prepare/crossdock_align	C-alpha RMSD 10.959 A after superposition exceeds the 3.0 A limit	2026-09-22
crossdock	7JHQ_VAJ__into__9U9T	04_prepare/crossdock_align	C-alpha RMSD 33.6 A after superposition exceeds the 3.0 A limit	2026-09-22
crossdock	7JY3_VUD__into__2W72	04_prepare/crossdock_align	C-alpha RMSD 3.615 A after superposition exceeds the 3.0 A limit	2026-09-22
crossdock	7K0V_VQP__into__8C7Y	04_prepare/crossdock_align	C-alpha RMSD 24.922 A after superposition exceeds the 3.0 A limit	2026-09-22
crossdock	7KRU_ATP__into__13JG	04_prepare/crossdock_align	C-alpha RMSD 3.264 A after superposition exceeds the 3.0 A limit	2026-09-22
crossdock	7LOU_IFM__into__10OH	04_prepare/crossdock_align	"superposition raised: ValueError(""invalid literal for int() with base 10: 'A'"")"	2026-09-22
crossdock	7M6K_YRJ__into__7LCZ	04_prepare/crossdock_align	C-alpha RMSD 20.276 A after superposition exceeds the 3.0 A limit	2026-09-22
crossdock	7M31_TDR__into__1GTE	04_prepare/crossdock_align	C-alpha RMSD 38.654 A after superposition exceeds the 3.0 A limit	2026-09-22
crossdock	7MFP_Z7P__into__7MFO	04_prepare/crossdock_align	C-alpha RMSD 35.284 A after superposition exceeds the 3.0 A limit	2026-09-22
crossdock	7MWN_WI5__into__9TB8	04_prepare/crossdock_align	C-alpha RMSD 23.254 A after superposition exceeds the 3.0 A limit	2026-09-22
crossdock	7NPL_UKZ__into__7AEL	04_prepare/crossdock_align	"mmCIF parse failed: PDBIOException(""Chain id ('AAA') exceeds PDB format limit."")"	2026-09-22
crossdock	7NSW_HC4__into__7NRR	04_prepare/crossdock_align	"mmCIF parse failed: PDBIOException(""Chain id ('AAA') exceeds PDB format limit."")"	2026-09-22
crossdock	7OMX_CNA__into__7OMW	04_prepare/crossdock_align	"mmCIF parse failed: PDBIOException(""Chain id ('AAA') exceeds PDB format limit."")"	2026-09-22
crossdock	7PJQ_OWH__into__6T02	04_prepare/crossdock_align	C-alpha RMSD 20.984 A after superposition exceeds the 3.0 A limit	2026-09-22
crossdock	7POM_7VZ__into__6G9U	04_prepare/crossdock_align	C-alpha RMSD 34.471 A after superposition exceeds the 3.0 A limit	2026-09-22
crossdock	7PUV_84Z__into__9F2O	04_prepare/crossdock_align	C-alpha RMSD 28.667 A after superposition exceeds the 3.0 A limit	2026-09-22
crossdock	7QGP_DJ8__into__6EIM	04_prepare/crossdock_align	C-alpha RMSD 6.71 A after superposition exceeds the 3.0 A limit	2026-09-22
crossdock	7QHL_D5P__into__2R3I	04_prepare/crossdock_align	C-alpha RMSD 4.503 A after superposition exceeds the 3.0 A limit	2026-09-22
crossdock	7R3D_APR__into__5BR4	04_prepare/crossdock_align	C-alpha RMSD 27.455 A after superposition exceeds the 3.0 A limit	2026-09-22
crossdock	7R9N_F97__into__31WB	04_prepare/crossdock_align	C-alpha RMSD 6.695 A after superposition exceeds the 3.0 A limit	2026-09-22
crossdock	7SIU_9ID__into__31WB	04_prepare/crossdock_align	C-alpha RMSD 5.196 A after superposition exceeds the 3.0 A limit	2026-09-22
crossdock	7SZA_DUI__into__7SZC	04_prepare/crossdock_align	C-alpha RMSD 29.954 A after superposition exceeds the 3.0 A limit	2026-09-22
crossdock	7TBU_S3P__into__6C5C	04_prepare/crossdock_align	C-alpha RMSD 22.175 A after superposition exceeds the 3.0 A limit	2026-09-22
crossdock	7U0U_FK5__into__6VCV	04_prepare/crossdock_align	C-alpha RMSD 17.638 A after superposition exceeds the 3.0 A limit	2026-09-22
crossdock	7UAS_MBU__into__6E1Z	04_prepare/crossdock_align	C-alpha RMSD 19.827 A after superposition exceeds the 3.0 A limit	2026-09-22
crossdock	7UJF_R3V__into__5DXE	04_prepare/crossdock_align	C-alpha RMSD 4.252 A after superposition exceeds the 3.0 A limit	2026-09-22
crossdock	7V3S_5I9__into__9T6K	04_prepare/crossdock_align	"superposition raised: ValueError(""invalid literal for int() with base 10: 'A14'"")"	2026-09-22
crossdock	7WDT_NGS__into__6Z14	04_prepare/crossdock_align	"mmCIF parse failed: PDBIOException(""Chain id ('JJJ') exceeds PDB format limit."")"	2026-09-22
crossdock	7WY1_D0L__into__2IJ2	04_prepare/crossdock_align	C-alpha RMSD 31.428 A after superposition exceeds the 3.0 A limit	2026-09-22
crossdock	7XRL_FWK__into__5YRV	04_prepare/crossdock_align	C-alpha RMSD 44.691 A after superposition exceeds the 3.0 A limit	2026-09-22
crossdock	7ZL5_IWE__into__7Q0D	04_prepare/crossdock_align	C-alpha RMSD 21.089 A after superposition exceeds the 3.0 A limit	2026-09-22
crossdock	7ZOC_T8E__into__4U6T	04_prepare/crossdock_align	C-alpha RMSD 20.945 A after superposition exceeds the 3.0 A limit	2026-09-22
crossdock	7ZZW_KKW__into__7KBG	04_prepare/crossdock_align	C-alpha RMSD 29.13 A after superposition exceeds the 3.0 A limit	2026-09-22
crossdock	8AP0_PRP__into__8AOZ	04_prepare/crossdock_align	"mmCIF parse failed: PDBIOException(""Chain id ('AAA') exceeds PDB format limit."")"	2026-09-22
crossdock	8DP2_UMA__into__7U35	04_prepare/crossdock_align	C-alpha RMSD 4.092 A after superposition exceeds the 3.0 A limit	2026-09-22
crossdock	8EX2_Q2Q__into__8BXH	04_prepare/crossdock_align	C-alpha RMSD 6.314 A after superposition exceeds the 3.0 A limit	2026-09-22
crossdock	8F4J_PHO__into__1MZ4	04_prepare/crossdock_align	C-alpha RMSD 23.269 A after superposition exceeds the 3.0 A limit	2026-09-22
crossdock	8F8E_XJI__into__9PLY	04_prepare/crossdock_align	C-alpha RMSD 11.271 A after superposition exceeds the 3.0 A limit	2026-09-22
crossdock	8G0V_YHT__into__7KNO	04_prepare/crossdock_align	C-alpha RMSD 4.934 A after superposition exceeds the 3.0 A limit	2026-09-22
